{
  "parent": "item/generated",
  "textures": {
    "layer0": "item/mushroom_stew"
  },
  "overrides": [
    {
      "predicate": {
        "custom_model_data": 1
      },
      "model": "item/egg_salad"
    },
    {
      "predicate": {
        "custom_model_data": 2
      },
      "model": "item/grape_salad"
    },
    {
      "predicate": {
        "custom_model_data": 3
      },
      "model": "item/ice_cream"
    },
    {
      "predicate": {
        "custom_model_data": 4
      },
      "model": "item/strawberry_salad"
    },
    {
      "predicate": {
        "custom_model_data": 5
      },
      "model": "item/tomato_soup"
    },
	    {
      "predicate": {
        "custom_model_data": 6
      },
      "model": "item/chicken_curry"
    },
	    {
      "predicate": {
        "custom_model_data": 7
      },
      "model": "item/coconut_chicken_curry"
    }
  ]
}