{
	"credit": "Made with Blockbench",
	"textures": {
		"1": "blocks/greyf",
		"2": "blocks/greyd",
		"3": "blocks/greyc",
		"4": "blocks/black",
		"8": "blocks/brass",
		"particle": "blocks/brown"
	},
	"elements": [
		{
			"from": [7.45, 7.9, 2.7],
			"to": [7.75, 8.2, 9.4],
			"rotation": {"angle": 45, "axis": "z", "origin": [7.55, 7.9, 6.35]},
			"faces": {
				"north": {"uv": [16, 0, 0, 16], "texture": "#4"},
				"east": {"uv": [16, 0, 0, 16], "texture": "#3"},
				"south": {"uv": [16, 0, 0, 16], "texture": "#3"},
				"west": {"uv": [16, 0, 0, 16], "texture": "#3"},
				"up": {"uv": [16, 0, 0, 16], "texture": "#3"},
				"down": {"uv": [16, 0, 0, 16], "texture": "#3"}
			}
		},
		{
			"from": [7.40429, 8.2932, 5.2],
			"to": [7.55429, 8.3432, 11],
			"rotation": {"angle": 0, "axis": "y", "origin": [7.47929, 8.3182, 6.05]},
			"faces": {
				"north": {"uv": [16, 0, 0, 16], "texture": "#1"},
				"east": {"uv": [16, 0, 0, 16], "texture": "#1"},
				"south": {"uv": [16, 0, 0, 16], "texture": "#1"},
				"west": {"uv": [16, 0, 0, 16], "texture": "#1"},
				"up": {"uv": [16, 0, 0, 16], "texture": "#1"},
				"down": {"uv": [16, 0, 0, 16], "texture": "#1"}
			}
		},
		{
			"from": [7.70429, 7.9932, 5.2],
			"to": [7.75429, 8.1432, 9.4],
			"rotation": {"angle": 0, "axis": "y", "origin": [7.77929, 8.0182, 6.05]},
			"faces": {
				"north": {"uv": [16, 0, 0, 16], "texture": "#1"},
				"east": {"uv": [16, 0, 0, 16], "texture": "#1"},
				"south": {"uv": [16, 0, 0, 16], "texture": "#1"},
				"west": {"uv": [16, 0, 0, 16], "texture": "#1"},
				"up": {"uv": [16, 0, 0, 16], "texture": "#1"},
				"down": {"uv": [16, 0, 0, 16], "texture": "#1"}
			}
		},
		{
			"from": [7.75429, 7.9932, 9.4],
			"to": [7.80429, 8.1432, 11],
			"rotation": {"angle": 0, "axis": "y", "origin": [7.82929, 8.0182, 10.25]},
			"faces": {
				"north": {"uv": [16, 0, 0, 16], "texture": "#1"},
				"east": {"uv": [16, 0, 0, 16], "texture": "#1"},
				"south": {"uv": [16, 0, 0, 16], "texture": "#1"},
				"west": {"uv": [16, 0, 0, 16], "texture": "#1"},
				"up": {"uv": [16, 0, 0, 16], "texture": "#1"},
				"down": {"uv": [16, 0, 0, 16], "texture": "#1"}
			}
		},
		{
			"from": [7.15429, 7.9932, 9.4],
			"to": [7.20429, 8.1432, 11],
			"rotation": {"angle": 0, "axis": "y", "origin": [7.22929, 8.0182, 10.25]},
			"faces": {
				"north": {"uv": [16, 0, 0, 16], "texture": "#1"},
				"east": {"uv": [16, 0, 0, 16], "texture": "#1"},
				"south": {"uv": [16, 0, 0, 16], "texture": "#1"},
				"west": {"uv": [16, 0, 0, 16], "texture": "#1"},
				"up": {"uv": [16, 0, 0, 16], "texture": "#1"},
				"down": {"uv": [16, 0, 0, 16], "texture": "#1"}
			}
		},
		{
			"from": [7.20429, 7.9932, 5.2],
			"to": [7.25429, 8.1432, 9.4],
			"rotation": {"angle": 0, "axis": "y", "origin": [7.27929, 8.0182, 6.05]},
			"faces": {
				"north": {"uv": [16, 0, 0, 16], "texture": "#1"},
				"east": {"uv": [16, 0, 0, 16], "texture": "#1"},
				"south": {"uv": [16, 0, 0, 16], "texture": "#1"},
				"west": {"uv": [16, 0, 0, 16], "texture": "#1"},
				"up": {"uv": [16, 0, 0, 16], "texture": "#1"},
				"down": {"uv": [16, 0, 0, 16], "texture": "#1"}
			}
		},
		{
			"from": [7.45, 8.25, 5.8],
			"to": [7.75, 8.3, 6],
			"rotation": {"angle": 45, "axis": "z", "origin": [7.55, 7.9, 6.35]},
			"faces": {
				"north": {"uv": [16, 0, 0, 16], "texture": "#1"},
				"east": {"uv": [16, 0, 0, 16], "texture": "#1"},
				"south": {"uv": [16, 0, 0, 16], "texture": "#1"},
				"west": {"uv": [16, 0, 0, 16], "texture": "#1"},
				"up": {"uv": [16, 0, 0, 16], "texture": "#1"},
				"down": {"uv": [16, 0, 0, 16], "texture": "#1"}
			}
		},
		{
			"from": [7.45, 8.25, 6.2],
			"to": [7.75, 8.3, 6.4],
			"rotation": {"angle": 45, "axis": "z", "origin": [7.55, 7.9, 6.75]},
			"faces": {
				"north": {"uv": [16, 0, 0, 16], "texture": "#1"},
				"east": {"uv": [16, 0, 0, 16], "texture": "#1"},
				"south": {"uv": [16, 0, 0, 16], "texture": "#1"},
				"west": {"uv": [16, 0, 0, 16], "texture": "#1"},
				"up": {"uv": [16, 0, 0, 16], "texture": "#1"},
				"down": {"uv": [16, 0, 0, 16], "texture": "#1"}
			}
		},
		{
			"from": [7.45, 8.25, 6.6],
			"to": [7.75, 8.3, 6.8],
			"rotation": {"angle": 45, "axis": "z", "origin": [7.55, 7.9, 7.15]},
			"faces": {
				"north": {"uv": [16, 0, 0, 16], "texture": "#1"},
				"east": {"uv": [16, 0, 0, 16], "texture": "#1"},
				"south": {"uv": [16, 0, 0, 16], "texture": "#1"},
				"west": {"uv": [16, 0, 0, 16], "texture": "#1"},
				"up": {"uv": [16, 0, 0, 16], "texture": "#1"},
				"down": {"uv": [16, 0, 0, 16], "texture": "#1"}
			}
		},
		{
			"from": [7.45, 8.25, 7],
			"to": [7.75, 8.3, 7.2],
			"rotation": {"angle": 45, "axis": "z", "origin": [7.55, 7.9, 7.55]},
			"faces": {
				"north": {"uv": [16, 0, 0, 16], "texture": "#1"},
				"east": {"uv": [16, 0, 0, 16], "texture": "#1"},
				"south": {"uv": [16, 0, 0, 16], "texture": "#1"},
				"west": {"uv": [16, 0, 0, 16], "texture": "#1"},
				"up": {"uv": [16, 0, 0, 16], "texture": "#1"},
				"down": {"uv": [16, 0, 0, 16], "texture": "#1"}
			}
		},
		{
			"from": [7.45, 8.25, 7.4],
			"to": [7.75, 8.3, 7.6],
			"rotation": {"angle": 45, "axis": "z", "origin": [7.55, 7.9, 7.95]},
			"faces": {
				"north": {"uv": [16, 0, 0, 16], "texture": "#1"},
				"east": {"uv": [16, 0, 0, 16], "texture": "#1"},
				"south": {"uv": [16, 0, 0, 16], "texture": "#1"},
				"west": {"uv": [16, 0, 0, 16], "texture": "#1"},
				"up": {"uv": [16, 0, 0, 16], "texture": "#1"},
				"down": {"uv": [16, 0, 0, 16], "texture": "#1"}
			}
		},
		{
			"from": [7.45, 8.25, 7.8],
			"to": [7.75, 8.3, 8],
			"rotation": {"angle": 45, "axis": "z", "origin": [7.55, 7.9, 8.35]},
			"faces": {
				"north": {"uv": [16, 0, 0, 16], "texture": "#1"},
				"east": {"uv": [16, 0, 0, 16], "texture": "#1"},
				"south": {"uv": [16, 0, 0, 16], "texture": "#1"},
				"west": {"uv": [16, 0, 0, 16], "texture": "#1"},
				"up": {"uv": [16, 0, 0, 16], "texture": "#1"},
				"down": {"uv": [16, 0, 0, 16], "texture": "#1"}
			}
		},
		{
			"from": [7.45, 8.25, 8.2],
			"to": [7.75, 8.3, 8.4],
			"rotation": {"angle": 45, "axis": "z", "origin": [7.55, 7.9, 8.75]},
			"faces": {
				"north": {"uv": [16, 0, 0, 16], "texture": "#1"},
				"east": {"uv": [16, 0, 0, 16], "texture": "#1"},
				"south": {"uv": [16, 0, 0, 16], "texture": "#1"},
				"west": {"uv": [16, 0, 0, 16], "texture": "#1"},
				"up": {"uv": [16, 0, 0, 16], "texture": "#1"},
				"down": {"uv": [16, 0, 0, 16], "texture": "#1"}
			}
		},
		{
			"from": [7.45, 8.25, 8.6],
			"to": [7.75, 8.3, 8.8],
			"rotation": {"angle": 45, "axis": "z", "origin": [7.55, 7.9, 9.15]},
			"faces": {
				"north": {"uv": [16, 0, 0, 16], "texture": "#1"},
				"east": {"uv": [16, 0, 0, 16], "texture": "#1"},
				"south": {"uv": [16, 0, 0, 16], "texture": "#1"},
				"west": {"uv": [16, 0, 0, 16], "texture": "#1"},
				"up": {"uv": [16, 0, 0, 16], "texture": "#1"},
				"down": {"uv": [16, 0, 0, 16], "texture": "#1"}
			}
		},
		{
			"from": [7.45, 8.25, 9],
			"to": [7.75, 8.3, 9.2],
			"rotation": {"angle": 45, "axis": "z", "origin": [7.55, 7.9, 9.55]},
			"faces": {
				"north": {"uv": [16, 0, 0, 16], "texture": "#1"},
				"east": {"uv": [16, 0, 0, 16], "texture": "#1"},
				"south": {"uv": [16, 0, 0, 16], "texture": "#1"},
				"west": {"uv": [16, 0, 0, 16], "texture": "#1"},
				"up": {"uv": [16, 0, 0, 16], "texture": "#1"},
				"down": {"uv": [16, 0, 0, 16], "texture": "#1"}
			}
		},
		{
			"from": [7.45, 8.25, 9.4],
			"to": [7.75, 8.3, 9.6],
			"rotation": {"angle": 45, "axis": "z", "origin": [7.55, 7.9, 9.95]},
			"faces": {
				"north": {"uv": [16, 0, 0, 16], "texture": "#1"},
				"east": {"uv": [16, 0, 0, 16], "texture": "#1"},
				"south": {"uv": [16, 0, 0, 16], "texture": "#1"},
				"west": {"uv": [16, 0, 0, 16], "texture": "#1"},
				"up": {"uv": [16, 0, 0, 16], "texture": "#1"},
				"down": {"uv": [16, 0, 0, 16], "texture": "#1"}
			}
		},
		{
			"from": [7.45, 8.25, 9.8],
			"to": [7.75, 8.3, 10],
			"rotation": {"angle": 45, "axis": "z", "origin": [7.55, 7.9, 10.35]},
			"faces": {
				"north": {"uv": [16, 0, 0, 16], "texture": "#1"},
				"east": {"uv": [16, 0, 0, 16], "texture": "#1"},
				"south": {"uv": [16, 0, 0, 16], "texture": "#1"},
				"west": {"uv": [16, 0, 0, 16], "texture": "#1"},
				"up": {"uv": [16, 0, 0, 16], "texture": "#1"},
				"down": {"uv": [16, 0, 0, 16], "texture": "#1"}
			}
		},
		{
			"from": [7.45, 8.25, 10.2],
			"to": [7.75, 8.3, 10.4],
			"rotation": {"angle": 45, "axis": "z", "origin": [7.55, 7.9, 10.75]},
			"faces": {
				"north": {"uv": [16, 0, 0, 16], "texture": "#1"},
				"east": {"uv": [16, 0, 0, 16], "texture": "#1"},
				"south": {"uv": [16, 0, 0, 16], "texture": "#1"},
				"west": {"uv": [16, 0, 0, 16], "texture": "#1"},
				"up": {"uv": [16, 0, 0, 16], "texture": "#1"},
				"down": {"uv": [16, 0, 0, 16], "texture": "#1"}
			}
		},
		{
			"from": [7.45, 8.25, 10.6],
			"to": [7.75, 8.3, 10.8],
			"rotation": {"angle": 45, "axis": "z", "origin": [7.55, 7.9, 11.15]},
			"faces": {
				"north": {"uv": [16, 0, 0, 16], "texture": "#1"},
				"east": {"uv": [16, 0, 0, 16], "texture": "#1"},
				"south": {"uv": [16, 0, 0, 16], "texture": "#1"},
				"west": {"uv": [16, 0, 0, 16], "texture": "#1"},
				"up": {"uv": [16, 0, 0, 16], "texture": "#1"},
				"down": {"uv": [16, 0, 0, 16], "texture": "#1"}
			}
		},
		{
			"from": [7.45, 8.25, 5.4],
			"to": [7.75, 8.3, 5.6],
			"rotation": {"angle": 45, "axis": "z", "origin": [7.55, 7.9, 5.95]},
			"faces": {
				"north": {"uv": [16, 0, 0, 16], "texture": "#1"},
				"east": {"uv": [16, 0, 0, 16], "texture": "#1"},
				"south": {"uv": [16, 0, 0, 16], "texture": "#1"},
				"west": {"uv": [16, 0, 0, 16], "texture": "#1"},
				"up": {"uv": [16, 0, 0, 16], "texture": "#1"},
				"down": {"uv": [16, 0, 0, 16], "texture": "#1"}
			}
		},
		{
			"from": [7.8, 7.9, 5.6],
			"to": [7.85, 8.2, 5.8],
			"rotation": {"angle": 45, "axis": "z", "origin": [7.55, 7.9, 6.35]},
			"faces": {
				"north": {"uv": [16, 0, 0, 16], "texture": "#1"},
				"east": {"uv": [16, 0, 0, 16], "texture": "#1"},
				"south": {"uv": [16, 0, 0, 16], "texture": "#1"},
				"west": {"uv": [16, 0, 0, 16], "texture": "#1"},
				"up": {"uv": [16, 0, 0, 16], "texture": "#1"},
				"down": {"uv": [16, 0, 0, 16], "texture": "#1"}
			}
		},
		{
			"from": [7.8, 7.9, 5.2],
			"to": [7.85, 8.2, 5.4],
			"rotation": {"angle": 45, "axis": "z", "origin": [7.55, 7.9, 5.95]},
			"faces": {
				"north": {"uv": [16, 0, 0, 16], "texture": "#1"},
				"east": {"uv": [16, 0, 0, 16], "texture": "#1"},
				"south": {"uv": [16, 0, 0, 16], "texture": "#1"},
				"west": {"uv": [16, 0, 0, 16], "texture": "#1"},
				"up": {"uv": [16, 0, 0, 16], "texture": "#1"},
				"down": {"uv": [16, 0, 0, 16], "texture": "#1"}
			}
		},
		{
			"from": [7.8, 7.9, 6],
			"to": [7.85, 8.2, 6.2],
			"rotation": {"angle": 45, "axis": "z", "origin": [7.55, 7.9, 6.75]},
			"faces": {
				"north": {"uv": [16, 0, 0, 16], "texture": "#1"},
				"east": {"uv": [16, 0, 0, 16], "texture": "#1"},
				"south": {"uv": [16, 0, 0, 16], "texture": "#1"},
				"west": {"uv": [16, 0, 0, 16], "texture": "#1"},
				"up": {"uv": [16, 0, 0, 16], "texture": "#1"},
				"down": {"uv": [16, 0, 0, 16], "texture": "#1"}
			}
		},
		{
			"from": [7.8, 7.9, 6.4],
			"to": [7.85, 8.2, 6.6],
			"rotation": {"angle": 45, "axis": "z", "origin": [7.55, 7.9, 7.15]},
			"faces": {
				"north": {"uv": [16, 0, 0, 16], "texture": "#1"},
				"east": {"uv": [16, 0, 0, 16], "texture": "#1"},
				"south": {"uv": [16, 0, 0, 16], "texture": "#1"},
				"west": {"uv": [16, 0, 0, 16], "texture": "#1"},
				"up": {"uv": [16, 0, 0, 16], "texture": "#1"},
				"down": {"uv": [16, 0, 0, 16], "texture": "#1"}
			}
		},
		{
			"from": [7.8, 7.9, 6.8],
			"to": [7.85, 8.2, 7],
			"rotation": {"angle": 45, "axis": "z", "origin": [7.55, 7.9, 7.55]},
			"faces": {
				"north": {"uv": [16, 0, 0, 16], "texture": "#1"},
				"east": {"uv": [16, 0, 0, 16], "texture": "#1"},
				"south": {"uv": [16, 0, 0, 16], "texture": "#1"},
				"west": {"uv": [16, 0, 0, 16], "texture": "#1"},
				"up": {"uv": [16, 0, 0, 16], "texture": "#1"},
				"down": {"uv": [16, 0, 0, 16], "texture": "#1"}
			}
		},
		{
			"from": [7.8, 7.9, 7.2],
			"to": [7.85, 8.2, 7.4],
			"rotation": {"angle": 45, "axis": "z", "origin": [7.55, 7.9, 7.95]},
			"faces": {
				"north": {"uv": [16, 0, 0, 16], "texture": "#1"},
				"east": {"uv": [16, 0, 0, 16], "texture": "#1"},
				"south": {"uv": [16, 0, 0, 16], "texture": "#1"},
				"west": {"uv": [16, 0, 0, 16], "texture": "#1"},
				"up": {"uv": [16, 0, 0, 16], "texture": "#1"},
				"down": {"uv": [16, 0, 0, 16], "texture": "#1"}
			}
		},
		{
			"from": [7.8, 7.9, 7.6],
			"to": [7.85, 8.2, 7.8],
			"rotation": {"angle": 45, "axis": "z", "origin": [7.55, 7.9, 8.35]},
			"faces": {
				"north": {"uv": [16, 0, 0, 16], "texture": "#1"},
				"east": {"uv": [16, 0, 0, 16], "texture": "#1"},
				"south": {"uv": [16, 0, 0, 16], "texture": "#1"},
				"west": {"uv": [16, 0, 0, 16], "texture": "#1"},
				"up": {"uv": [16, 0, 0, 16], "texture": "#1"},
				"down": {"uv": [16, 0, 0, 16], "texture": "#1"}
			}
		},
		{
			"from": [7.8, 7.9, 8],
			"to": [7.85, 8.2, 8.2],
			"rotation": {"angle": 45, "axis": "z", "origin": [7.55, 7.9, 8.75]},
			"faces": {
				"north": {"uv": [16, 0, 0, 16], "texture": "#1"},
				"east": {"uv": [16, 0, 0, 16], "texture": "#1"},
				"south": {"uv": [16, 0, 0, 16], "texture": "#1"},
				"west": {"uv": [16, 0, 0, 16], "texture": "#1"},
				"up": {"uv": [16, 0, 0, 16], "texture": "#1"},
				"down": {"uv": [16, 0, 0, 16], "texture": "#1"}
			}
		},
		{
			"from": [7.8, 7.9, 8.4],
			"to": [7.85, 8.2, 8.6],
			"rotation": {"angle": 45, "axis": "z", "origin": [7.55, 7.9, 9.15]},
			"faces": {
				"north": {"uv": [16, 0, 0, 16], "texture": "#1"},
				"east": {"uv": [16, 0, 0, 16], "texture": "#1"},
				"south": {"uv": [16, 0, 0, 16], "texture": "#1"},
				"west": {"uv": [16, 0, 0, 16], "texture": "#1"},
				"up": {"uv": [16, 0, 0, 16], "texture": "#1"},
				"down": {"uv": [16, 0, 0, 16], "texture": "#1"}
			}
		},
		{
			"from": [7.8, 7.9, 8.8],
			"to": [7.85, 8.2, 9],
			"rotation": {"angle": 45, "axis": "z", "origin": [7.55, 7.9, 9.55]},
			"faces": {
				"north": {"uv": [16, 0, 0, 16], "texture": "#1"},
				"east": {"uv": [16, 0, 0, 16], "texture": "#1"},
				"south": {"uv": [16, 0, 0, 16], "texture": "#1"},
				"west": {"uv": [16, 0, 0, 16], "texture": "#1"},
				"up": {"uv": [16, 0, 0, 16], "texture": "#1"},
				"down": {"uv": [16, 0, 0, 16], "texture": "#1"}
			}
		},
		{
			"from": [7.8, 7.9, 9.2],
			"to": [7.85, 8.2, 9.4],
			"rotation": {"angle": 45, "axis": "z", "origin": [7.55, 7.9, 10.05]},
			"faces": {
				"north": {"uv": [16, 0, 0, 16], "texture": "#1"},
				"east": {"uv": [16, 0, 0, 16], "texture": "#1"},
				"south": {"uv": [16, 0, 0, 16], "texture": "#1"},
				"west": {"uv": [16, 0, 0, 16], "texture": "#1"},
				"up": {"uv": [16, 0, 0, 16], "texture": "#1"},
				"down": {"uv": [16, 0, 0, 16], "texture": "#1"}
			}
		},
		{
			"from": [7.8, 7.9, 9.6],
			"to": [7.85, 8.2, 9.8],
			"rotation": {"angle": 45, "axis": "z", "origin": [7.55, 7.9, 10.45]},
			"faces": {
				"north": {"uv": [16, 0, 0, 16], "texture": "#1"},
				"east": {"uv": [16, 0, 0, 16], "texture": "#1"},
				"south": {"uv": [16, 0, 0, 16], "texture": "#1"},
				"west": {"uv": [16, 0, 0, 16], "texture": "#1"},
				"up": {"uv": [16, 0, 0, 16], "texture": "#1"},
				"down": {"uv": [16, 0, 0, 16], "texture": "#1"}
			}
		},
		{
			"from": [7.8, 7.9, 10],
			"to": [7.85, 8.2, 10.2],
			"rotation": {"angle": 45, "axis": "z", "origin": [7.55, 7.9, 10.85]},
			"faces": {
				"north": {"uv": [16, 0, 0, 16], "texture": "#1"},
				"east": {"uv": [16, 0, 0, 16], "texture": "#1"},
				"south": {"uv": [16, 0, 0, 16], "texture": "#1"},
				"west": {"uv": [16, 0, 0, 16], "texture": "#1"},
				"up": {"uv": [16, 0, 0, 16], "texture": "#1"},
				"down": {"uv": [16, 0, 0, 16], "texture": "#1"}
			}
		},
		{
			"from": [7.8, 7.9, 10.4],
			"to": [7.85, 8.2, 10.6],
			"rotation": {"angle": 45, "axis": "z", "origin": [7.55, 7.9, 11.25]},
			"faces": {
				"north": {"uv": [16, 0, 0, 16], "texture": "#1"},
				"east": {"uv": [16, 0, 0, 16], "texture": "#1"},
				"south": {"uv": [16, 0, 0, 16], "texture": "#1"},
				"west": {"uv": [16, 0, 0, 16], "texture": "#1"},
				"up": {"uv": [16, 0, 0, 16], "texture": "#1"},
				"down": {"uv": [16, 0, 0, 16], "texture": "#1"}
			}
		},
		{
			"from": [7.8, 7.9, 10.8],
			"to": [7.85, 8.2, 11],
			"rotation": {"angle": 45, "axis": "z", "origin": [7.55, 7.9, 11.65]},
			"faces": {
				"north": {"uv": [16, 0, 0, 16], "texture": "#1"},
				"east": {"uv": [16, 0, 0, 16], "texture": "#1"},
				"south": {"uv": [16, 0, 0, 16], "texture": "#1"},
				"west": {"uv": [16, 0, 0, 16], "texture": "#1"},
				"up": {"uv": [16, 0, 0, 16], "texture": "#1"},
				"down": {"uv": [16, 0, 0, 16], "texture": "#1"}
			}
		},
		{
			"from": [7.35, 7.8, 9.4],
			"to": [7.75, 8.2, 12.8],
			"rotation": {"angle": 45, "axis": "z", "origin": [7.55, 7.9, 9.75]},
			"faces": {
				"north": {"uv": [16, 0, 0, 16], "texture": "#3"},
				"east": {"uv": [16, 0, 0, 16], "texture": "#3"},
				"south": {"uv": [16, 0, 0, 16], "texture": "#3"},
				"west": {"uv": [16, 0, 0, 16], "texture": "#3"},
				"up": {"uv": [16, 0, 0, 16], "texture": "#3"},
				"down": {"uv": [16, 0, 0, 16], "texture": "#3"}
			}
		},
		{
			"from": [7.17929, 7.27071, 15.1],
			"to": [7.77929, 8.17071, 15.4],
			"rotation": {"angle": 0, "axis": "y", "origin": [7.47929, 7.97071, 14.5]},
			"faces": {
				"north": {"uv": [16, 0, 0, 16], "texture": "#3"},
				"east": {"uv": [16, 0, 0, 16], "texture": "#3"},
				"south": {"uv": [16, 0, 0, 16], "texture": "#3"},
				"west": {"uv": [16, 0, 0, 16], "texture": "#3"},
				"up": {"uv": [16, 0, 0, 16], "texture": "#3"},
				"down": {"uv": [16, 0, 0, 16], "texture": "#3"}
			}
		},
		{
			"from": [7.17929, 7.27071, 13.5],
			"to": [7.77929, 7.87071, 15.1],
			"rotation": {"angle": 0, "axis": "y", "origin": [7.47929, 7.97071, 14.2]},
			"faces": {
				"north": {"uv": [16, 0, 0, 16], "texture": "#3"},
				"east": {"uv": [16, 0, 0, 16], "texture": "#3"},
				"south": {"uv": [16, 0, 0, 16], "texture": "#3"},
				"west": {"uv": [16, 0, 0, 16], "texture": "#3"},
				"up": {"uv": [16, 0, 0, 16], "texture": "#3"},
				"down": {"uv": [16, 0, 0, 16], "texture": "#3"}
			}
		},
		{
			"from": [7.37929, 7.87071, 14.6],
			"to": [7.67929, 7.97071, 15.1],
			"rotation": {"angle": 0, "axis": "y", "origin": [7.47929, 8.57071, 14.2]},
			"faces": {
				"north": {"uv": [16, 0, 0, 16], "texture": "#2"},
				"east": {"uv": [16, 0, 0, 16], "texture": "#2"},
				"south": {"uv": [16, 0, 0, 16], "texture": "#2"},
				"west": {"uv": [16, 0, 0, 16], "texture": "#2"},
				"up": {"uv": [16, 0, 0, 16], "texture": "#2"},
				"down": {"uv": [16, 0, 0, 16], "texture": "#2"}
			}
		},
		{
			"from": [7.37929, 7.87071, 13.5],
			"to": [7.67929, 7.97071, 14],
			"rotation": {"angle": 0, "axis": "y", "origin": [7.47929, 8.57071, 13.1]},
			"faces": {
				"north": {"uv": [16, 0, 0, 16], "texture": "#2"},
				"east": {"uv": [16, 0, 0, 16], "texture": "#2"},
				"south": {"uv": [16, 0, 0, 16], "texture": "#2"},
				"west": {"uv": [16, 0, 0, 16], "texture": "#2"},
				"up": {"uv": [16, 0, 0, 16], "texture": "#2"},
				"down": {"uv": [16, 0, 0, 16], "texture": "#2"}
			}
		},
		{
			"from": [7.37929, 7.87071, 13.5],
			"to": [7.57929, 8.07071, 15.1],
			"rotation": {"angle": 45, "axis": "z", "origin": [7.47929, 7.97071, 14.3]},
			"faces": {
				"north": {"uv": [16, 0, 0, 16], "texture": "#1"},
				"east": {"uv": [16, 0, 0, 16], "texture": "#1"},
				"south": {"uv": [16, 0, 0, 16], "texture": "#1"},
				"west": {"uv": [16, 0, 0, 16], "texture": "#1"},
				"up": {"uv": [16, 0, 0, 16], "texture": "#1"},
				"down": {"uv": [16, 0, 0, 16], "texture": "#1"}
			}
		},
		{
			"from": [7.17929, 7.87071, 13.5],
			"to": [7.27929, 8.17071, 15.1],
			"rotation": {"angle": 0, "axis": "y", "origin": [7.47929, 8.57071, 14.2]},
			"faces": {
				"north": {"uv": [16, 0, 0, 16], "texture": "#3"},
				"east": {"uv": [16, 0, 0, 16], "texture": "#3"},
				"south": {"uv": [16, 0, 0, 16], "texture": "#3"},
				"west": {"uv": [16, 0, 0, 16], "texture": "#3"},
				"up": {"uv": [16, 0, 0, 16], "texture": "#3"},
				"down": {"uv": [16, 0, 0, 16], "texture": "#3"}
			}
		},
		{
			"from": [7.17929, 7.27071, 12.8],
			"to": [7.77929, 8.17071, 13.5],
			"rotation": {"angle": 0, "axis": "y", "origin": [7.47929, 7.97071, 12.2]},
			"faces": {
				"north": {"uv": [16, 0, 0, 16], "texture": "#3"},
				"east": {"uv": [16, 0, 0, 16], "texture": "#3"},
				"south": {"uv": [16, 0, 0, 16], "texture": "#3"},
				"west": {"uv": [16, 0, 0, 16], "texture": "#3"},
				"up": {"uv": [16, 0, 0, 16], "texture": "#3"},
				"down": {"uv": [16, 0, 0, 16], "texture": "#3"}
			}
		},
		{
			"from": [7.27929, 8.17071, 15.1],
			"to": [7.67929, 8.27071, 15.4],
			"rotation": {"angle": 0, "axis": "y", "origin": [7.47929, 8.87071, 14.5]},
			"faces": {
				"north": {"uv": [16, 0, 0, 16], "texture": "#3"},
				"east": {"uv": [16, 0, 0, 16], "texture": "#3"},
				"south": {"uv": [16, 0, 0, 16], "texture": "#3"},
				"west": {"uv": [16, 0, 0, 16], "texture": "#3"},
				"up": {"uv": [16, 0, 0, 16], "texture": "#3"},
				"down": {"uv": [16, 0, 0, 16], "texture": "#3"}
			}
		},
		{
			"from": [7.27929, 8.17071, 13.5],
			"to": [7.57929, 8.27071, 15.1],
			"rotation": {"angle": 0, "axis": "y", "origin": [7.47929, 8.87071, 14.2]},
			"faces": {
				"north": {"uv": [16, 0, 0, 16], "texture": "#3"},
				"east": {"uv": [16, 0, 0, 16], "texture": "#3"},
				"south": {"uv": [16, 0, 0, 16], "texture": "#3"},
				"west": {"uv": [16, 0, 0, 16], "texture": "#3"},
				"up": {"uv": [16, 0, 0, 16], "texture": "#3"},
				"down": {"uv": [16, 0, 0, 16], "texture": "#3"}
			}
		},
		{
			"from": [7.27929, 8.17071, 12.8],
			"to": [7.67929, 8.27071, 13.5],
			"rotation": {"angle": 0, "axis": "y", "origin": [7.47929, 8.87071, 12.2]},
			"faces": {
				"north": {"uv": [16, 0, 0, 16], "texture": "#3"},
				"east": {"uv": [16, 0, 0, 16], "texture": "#3"},
				"south": {"uv": [16, 0, 0, 16], "texture": "#3"},
				"west": {"uv": [16, 0, 0, 16], "texture": "#3"},
				"up": {"uv": [16, 0, 0, 16], "texture": "#3"},
				"down": {"uv": [16, 0, 0, 16], "texture": "#3"}
			}
		},
		{
			"from": [7.27929, 7.17071, 12.8],
			"to": [7.67929, 7.27071, 15.4],
			"rotation": {"angle": 0, "axis": "y", "origin": [7.47929, 7.87071, 14.5]},
			"faces": {
				"north": {"uv": [16, 0, 0, 16], "texture": "#3"},
				"east": {"uv": [16, 0, 0, 16], "texture": "#3"},
				"south": {"uv": [16, 0, 0, 16], "texture": "#3"},
				"west": {"uv": [16, 0, 0, 16], "texture": "#3"},
				"up": {"uv": [16, 0, 0, 16], "texture": "#3"},
				"down": {"uv": [16, 0, 0, 16], "texture": "#3"}
			}
		},
		{
			"from": [7.17929, 7.17071, 15.4],
			"to": [7.77929, 8.07071, 15.7],
			"rotation": {"angle": 0, "axis": "y", "origin": [7.47929, 7.97071, 15.4]},
			"faces": {
				"north": {"uv": [16, 0, 0, 16], "texture": "#3"},
				"east": {"uv": [16, 0, 0, 16], "texture": "#3"},
				"south": {"uv": [16, 0, 0, 16], "texture": "#3"},
				"west": {"uv": [16, 0, 0, 16], "texture": "#3"},
				"up": {"uv": [16, 0, 0, 16], "texture": "#3"},
				"down": {"uv": [16, 0, 0, 16], "texture": "#3"}
			}
		},
		{
			"from": [7.27929, 8.07071, 15.4],
			"to": [7.67929, 8.17071, 15.7],
			"rotation": {"angle": 0, "axis": "y", "origin": [7.47929, 8.67071, 15.4]},
			"faces": {
				"north": {"uv": [16, 0, 0, 16], "texture": "#3"},
				"east": {"uv": [16, 0, 0, 16], "texture": "#3"},
				"south": {"uv": [16, 0, 0, 16], "texture": "#3"},
				"west": {"uv": [16, 0, 0, 16], "texture": "#3"},
				"up": {"uv": [16, 0, 0, 16], "texture": "#3"},
				"down": {"uv": [16, 0, 0, 16], "texture": "#3"}
			}
		},
		{
			"from": [7.42929, 8.05898, 15.54239],
			"to": [7.52929, 8.15898, 15.94239],
			"rotation": {"angle": -22.5, "axis": "x", "origin": [7.47929, 8.07071, 15.65]},
			"faces": {
				"north": {"uv": [16, 0, 0, 16], "rotation": 180, "texture": "#2"},
				"east": {"uv": [16, 0, 0, 16], "rotation": 270, "texture": "#2"},
				"south": {"uv": [16, 0, 0, 16], "texture": "#2"},
				"west": {"uv": [16, 0, 0, 16], "rotation": 90, "texture": "#2"},
				"up": {"uv": [16, 0, 0, 16], "rotation": 180, "texture": "#2"},
				"down": {"uv": [16, 0, 0, 16], "texture": "#2"}
			}
		},
		{
			"from": [7.27929, 7.07071, 15.4],
			"to": [7.67929, 7.17071, 15.7],
			"rotation": {"angle": 0, "axis": "y", "origin": [7.47929, 7.87071, 15.4]},
			"faces": {
				"north": {"uv": [16, 0, 0, 16], "texture": "#3"},
				"east": {"uv": [16, 0, 0, 16], "texture": "#3"},
				"south": {"uv": [16, 0, 0, 16], "texture": "#3"},
				"west": {"uv": [16, 0, 0, 16], "texture": "#3"},
				"up": {"uv": [16, 0, 0, 16], "texture": "#3"},
				"down": {"uv": [16, 0, 0, 16], "texture": "#3"}
			}
		},
		{
			"from": [7.37929, 6.97071, 15.4],
			"to": [7.57929, 7.07071, 16],
			"rotation": {"angle": 0, "axis": "y", "origin": [7.47929, 7.77071, 15.4]},
			"faces": {
				"north": {"uv": [16, 0, 0, 16], "texture": "#3"},
				"east": {"uv": [16, 0, 0, 16], "texture": "#3"},
				"south": {"uv": [16, 0, 0, 16], "texture": "#3"},
				"west": {"uv": [16, 0, 0, 16], "texture": "#3"},
				"up": {"uv": [16, 0, 0, 16], "texture": "#3"},
				"down": {"uv": [16, 0, 0, 16], "texture": "#3"}
			}
		},
		{
			"from": [7.37929, 6.87071, 16.1],
			"to": [7.57929, 6.97071, 16.3],
			"rotation": {"angle": 0, "axis": "y", "origin": [7.47929, 7.67071, 15.7]},
			"faces": {
				"north": {"uv": [16, 0, 0, 16], "texture": "#3"},
				"east": {"uv": [16, 0, 0, 16], "texture": "#3"},
				"south": {"uv": [16, 0, 0, 16], "texture": "#3"},
				"west": {"uv": [16, 0, 0, 16], "texture": "#3"},
				"up": {"uv": [16, 0, 0, 16], "texture": "#3"},
				"down": {"uv": [16, 0, 0, 16], "texture": "#3"}
			}
		},
		{
			"from": [7.37929, 6.77071, 16.3],
			"to": [7.57929, 6.87071, 16.4],
			"rotation": {"angle": 0, "axis": "y", "origin": [7.47929, 7.57071, 15.8]},
			"faces": {
				"north": {"uv": [16, 0, 0, 16], "texture": "#3"},
				"east": {"uv": [16, 0, 0, 16], "texture": "#3"},
				"south": {"uv": [16, 0, 0, 16], "texture": "#3"},
				"west": {"uv": [16, 0, 0, 16], "texture": "#3"},
				"up": {"uv": [16, 0, 0, 16], "texture": "#3"},
				"down": {"uv": [16, 0, 0, 16], "texture": "#3"}
			}
		},
		{
			"from": [7.37929, 6.57071, 16.25],
			"to": [7.57929, 6.77071, 16.35],
			"rotation": {"angle": 0, "axis": "y", "origin": [7.47929, 7.47071, 15.75]},
			"faces": {
				"north": {"uv": [16, 0, 0, 16], "texture": "#3"},
				"east": {"uv": [16, 0, 0, 16], "texture": "#3"},
				"south": {"uv": [16, 0, 0, 16], "texture": "#3"},
				"west": {"uv": [16, 0, 0, 16], "texture": "#3"},
				"up": {"uv": [16, 0, 0, 16], "texture": "#3"},
				"down": {"uv": [16, 0, 0, 16], "texture": "#3"}
			}
		},
		{
			"from": [7.37929, 6.47071, 16.15],
			"to": [7.57929, 6.57071, 16.25],
			"rotation": {"angle": 0, "axis": "y", "origin": [7.47929, 7.27071, 15.65]},
			"faces": {
				"north": {"uv": [16, 0, 0, 16], "texture": "#3"},
				"east": {"uv": [16, 0, 0, 16], "texture": "#3"},
				"south": {"uv": [16, 0, 0, 16], "texture": "#3"},
				"west": {"uv": [16, 0, 0, 16], "texture": "#3"},
				"up": {"uv": [16, 0, 0, 16], "texture": "#3"},
				"down": {"uv": [16, 0, 0, 16], "texture": "#3"}
			}
		},
		{
			"from": [7.37929, 6.37071, 15.85],
			"to": [7.57929, 6.47071, 16.15],
			"rotation": {"angle": 0, "axis": "y", "origin": [7.47929, 7.17071, 15.55]},
			"faces": {
				"north": {"uv": [16, 0, 0, 16], "texture": "#3"},
				"east": {"uv": [16, 0, 0, 16], "texture": "#3"},
				"south": {"uv": [16, 0, 0, 16], "texture": "#3"},
				"west": {"uv": [16, 0, 0, 16], "texture": "#3"},
				"up": {"uv": [16, 0, 0, 16], "texture": "#3"},
				"down": {"uv": [16, 0, 0, 16], "texture": "#3"}
			}
		},
		{
			"from": [7.37929, 6.47071, 15.55],
			"to": [7.57929, 6.57071, 15.85],
			"rotation": {"angle": 0, "axis": "y", "origin": [7.47929, 7.27071, 15.25]},
			"faces": {
				"north": {"uv": [16, 0, 0, 16], "texture": "#3"},
				"east": {"uv": [16, 0, 0, 16], "texture": "#3"},
				"south": {"uv": [16, 0, 0, 16], "texture": "#3"},
				"west": {"uv": [16, 0, 0, 16], "texture": "#3"},
				"up": {"uv": [16, 0, 0, 16], "texture": "#3"},
				"down": {"uv": [16, 0, 0, 16], "texture": "#3"}
			}
		},
		{
			"from": [7.37929, 6.57071, 15.45],
			"to": [7.57929, 6.97071, 15.55],
			"rotation": {"angle": 0, "axis": "y", "origin": [7.47929, 7.37071, 14.95]},
			"faces": {
				"north": {"uv": [16, 0, 0, 16], "texture": "#3"},
				"east": {"uv": [16, 0, 0, 16], "texture": "#3"},
				"south": {"uv": [16, 0, 0, 16], "texture": "#3"},
				"west": {"uv": [16, 0, 0, 16], "texture": "#3"},
				"up": {"uv": [16, 0, 0, 16], "texture": "#3"},
				"down": {"uv": [16, 0, 0, 16], "texture": "#3"}
			}
		},
		{
			"from": [7.37929, 6.77071, 15.95],
			"to": [7.57929, 6.97071, 16.05],
			"rotation": {"angle": 0, "axis": "y", "origin": [7.47929, 6.77071, 16]},
			"faces": {
				"north": {"uv": [16, 0, 0, 16], "texture": "#2"},
				"east": {"uv": [16, 0, 0, 16], "texture": "#2"},
				"south": {"uv": [16, 0, 0, 16], "texture": "#2"},
				"west": {"uv": [16, 0, 0, 16], "texture": "#2"},
				"up": {"uv": [16, 0, 0, 16], "texture": "#2"},
				"down": {"uv": [16, 0, 0, 16], "texture": "#2"}
			}
		},
		{
			"from": [7.37929, 6.67071, 15.85],
			"to": [7.57929, 6.77071, 15.95],
			"rotation": {"angle": 0, "axis": "y", "origin": [7.47929, 6.77071, 15.9]},
			"faces": {
				"north": {"uv": [16, 0, 0, 16], "texture": "#2"},
				"east": {"uv": [16, 0, 0, 16], "texture": "#2"},
				"south": {"uv": [16, 0, 0, 16], "texture": "#2"},
				"west": {"uv": [16, 0, 0, 16], "texture": "#2"},
				"up": {"uv": [16, 0, 0, 16], "texture": "#2"},
				"down": {"uv": [16, 0, 0, 16], "texture": "#2"}
			}
		},
		{
			"from": [7.17929, 7.17071, 15.7],
			"to": [7.77929, 7.87071, 16],
			"rotation": {"angle": 0, "axis": "y", "origin": [7.47929, 7.97071, 15.7]},
			"faces": {
				"north": {"uv": [16, 0, 0, 16], "texture": "#3"},
				"east": {"uv": [16, 0, 0, 16], "texture": "#3"},
				"south": {"uv": [16, 0, 0, 16], "texture": "#3"},
				"west": {"uv": [16, 0, 0, 16], "texture": "#3"},
				"up": {"uv": [16, 0, 0, 16], "texture": "#3"},
				"down": {"uv": [16, 0, 0, 16], "texture": "#3"}
			}
		},
		{
			"from": [7.27929, 7.87071, 15.7],
			"to": [7.67929, 7.97071, 16],
			"rotation": {"angle": 0, "axis": "y", "origin": [7.47929, 8.67071, 15.7]},
			"faces": {
				"north": {"uv": [16, 0, 0, 16], "texture": "#3"},
				"east": {"uv": [16, 0, 0, 16], "texture": "#3"},
				"south": {"uv": [16, 0, 0, 16], "texture": "#3"},
				"west": {"uv": [16, 0, 0, 16], "texture": "#3"},
				"up": {"uv": [16, 0, 0, 16], "texture": "#3"},
				"down": {"uv": [16, 0, 0, 16], "texture": "#3"}
			}
		},
		{
			"from": [7.27929, 7.07071, 15.7],
			"to": [7.67929, 7.17071, 16],
			"rotation": {"angle": 0, "axis": "y", "origin": [7.47929, 7.87071, 15.7]},
			"faces": {
				"north": {"uv": [16, 0, 0, 16], "texture": "#3"},
				"east": {"uv": [16, 0, 0, 16], "texture": "#3"},
				"south": {"uv": [16, 0, 0, 16], "texture": "#3"},
				"west": {"uv": [16, 0, 0, 16], "texture": "#3"},
				"up": {"uv": [16, 0, 0, 16], "texture": "#3"},
				"down": {"uv": [16, 0, 0, 16], "texture": "#3"}
			}
		},
		{
			"from": [7.17929, 7.07071, 16],
			"to": [7.77929, 7.77071, 16.3],
			"rotation": {"angle": 0, "axis": "y", "origin": [7.47929, 7.97071, 16]},
			"faces": {
				"north": {"uv": [16, 0, 0, 16], "texture": "#3"},
				"east": {"uv": [16, 0, 0, 16], "texture": "#3"},
				"south": {"uv": [16, 0, 0, 16], "texture": "#3"},
				"west": {"uv": [16, 0, 0, 16], "texture": "#3"},
				"up": {"uv": [16, 0, 0, 16], "texture": "#3"},
				"down": {"uv": [16, 0, 0, 16], "texture": "#3"}
			}
		},
		{
			"from": [7.27929, 7.77071, 16],
			"to": [7.67929, 7.87071, 16.3],
			"rotation": {"angle": 0, "axis": "y", "origin": [7.47929, 8.67071, 16]},
			"faces": {
				"north": {"uv": [16, 0, 0, 16], "texture": "#3"},
				"east": {"uv": [16, 0, 0, 16], "texture": "#3"},
				"south": {"uv": [16, 0, 0, 16], "texture": "#3"},
				"west": {"uv": [16, 0, 0, 16], "texture": "#3"},
				"up": {"uv": [16, 0, 0, 16], "texture": "#3"},
				"down": {"uv": [16, 0, 0, 16], "texture": "#3"}
			}
		},
		{
			"from": [7.27929, 6.97071, 16],
			"to": [7.67929, 7.07071, 16.3],
			"rotation": {"angle": 0, "axis": "y", "origin": [7.47929, 7.87071, 16]},
			"faces": {
				"north": {"uv": [16, 0, 0, 16], "texture": "#3"},
				"east": {"uv": [16, 0, 0, 16], "texture": "#3"},
				"south": {"uv": [16, 0, 0, 16], "texture": "#3"},
				"west": {"uv": [16, 0, 0, 16], "texture": "#3"},
				"up": {"uv": [16, 0, 0, 16], "texture": "#3"},
				"down": {"uv": [16, 0, 0, 16], "texture": "#3"}
			}
		},
		{
			"from": [7.17929, 6.97071, 16.3],
			"to": [7.77929, 7.67071, 16.6],
			"rotation": {"angle": 0, "axis": "y", "origin": [7.47929, 7.87071, 16.3]},
			"faces": {
				"north": {"uv": [16, 0, 0, 16], "texture": "#particle"},
				"east": {"uv": [16, 0, 0, 16], "texture": "#particle"},
				"south": {"uv": [16, 0, 0, 16], "texture": "#particle"},
				"west": {"uv": [16, 0, 0, 16], "texture": "#particle"},
				"up": {"uv": [16, 0, 0, 16], "texture": "#particle"},
				"down": {"uv": [16, 0, 0, 16], "texture": "#particle"}
			}
		},
		{
			"from": [7.27929, 7.67071, 16.3],
			"to": [7.67929, 7.77071, 16.6],
			"rotation": {"angle": 0, "axis": "y", "origin": [7.47929, 8.57071, 16.3]},
			"faces": {
				"north": {"uv": [16, 0, 0, 16], "texture": "#particle"},
				"east": {"uv": [16, 0, 0, 16], "texture": "#particle"},
				"south": {"uv": [16, 0, 0, 16], "texture": "#particle"},
				"west": {"uv": [16, 0, 0, 16], "texture": "#particle"},
				"up": {"uv": [16, 0, 0, 16], "texture": "#particle"},
				"down": {"uv": [16, 0, 0, 16], "texture": "#particle"}
			}
		},
		{
			"from": [7.27929, 6.87071, 16.3],
			"to": [7.67929, 6.97071, 16.6],
			"rotation": {"angle": 0, "axis": "y", "origin": [7.47929, 7.77071, 16.3]},
			"faces": {
				"north": {"uv": [16, 0, 0, 16], "texture": "#particle"},
				"east": {"uv": [16, 0, 0, 16], "texture": "#particle"},
				"south": {"uv": [16, 0, 0, 16], "texture": "#particle"},
				"west": {"uv": [16, 0, 0, 16], "texture": "#particle"},
				"up": {"uv": [16, 0, 0, 16], "texture": "#particle"},
				"down": {"uv": [16, 0, 0, 16], "texture": "#particle"}
			}
		},
		{
			"from": [7.17929, 6.87071, 16.6],
			"to": [7.77929, 7.57071, 16.9],
			"rotation": {"angle": 0, "axis": "y", "origin": [7.47929, 7.77071, 16.6]},
			"faces": {
				"north": {"uv": [16, 0, 0, 16], "texture": "#particle"},
				"east": {"uv": [16, 0, 0, 16], "texture": "#particle"},
				"south": {"uv": [16, 0, 0, 16], "texture": "#particle"},
				"west": {"uv": [16, 0, 0, 16], "texture": "#particle"},
				"up": {"uv": [16, 0, 0, 16], "texture": "#particle"},
				"down": {"uv": [16, 0, 0, 16], "texture": "#particle"}
			}
		},
		{
			"from": [7.27929, 7.57071, 16.6],
			"to": [7.67929, 7.67071, 16.9],
			"rotation": {"angle": 0, "axis": "y", "origin": [7.47929, 8.47071, 16.6]},
			"faces": {
				"north": {"uv": [16, 0, 0, 16], "texture": "#particle"},
				"east": {"uv": [16, 0, 0, 16], "texture": "#particle"},
				"south": {"uv": [16, 0, 0, 16], "texture": "#particle"},
				"west": {"uv": [16, 0, 0, 16], "texture": "#particle"},
				"up": {"uv": [16, 0, 0, 16], "texture": "#particle"},
				"down": {"uv": [16, 0, 0, 16], "texture": "#particle"}
			}
		},
		{
			"from": [7.27929, 6.77071, 16.6],
			"to": [7.67929, 6.87071, 16.9],
			"rotation": {"angle": 0, "axis": "y", "origin": [7.47929, 7.67071, 16.6]},
			"faces": {
				"north": {"uv": [16, 0, 0, 16], "texture": "#particle"},
				"east": {"uv": [16, 0, 0, 16], "texture": "#particle"},
				"south": {"uv": [16, 0, 0, 16], "texture": "#particle"},
				"west": {"uv": [16, 0, 0, 16], "texture": "#particle"},
				"up": {"uv": [16, 0, 0, 16], "texture": "#particle"},
				"down": {"uv": [16, 0, 0, 16], "texture": "#particle"}
			}
		},
		{
			"from": [7.17929, 6.77071, 16.9],
			"to": [7.77929, 7.47071, 17.2],
			"rotation": {"angle": 0, "axis": "y", "origin": [7.47929, 7.67071, 16.9]},
			"faces": {
				"north": {"uv": [16, 0, 0, 16], "texture": "#particle"},
				"east": {"uv": [16, 0, 0, 16], "texture": "#particle"},
				"south": {"uv": [16, 0, 0, 16], "texture": "#particle"},
				"west": {"uv": [16, 0, 0, 16], "texture": "#particle"},
				"up": {"uv": [16, 0, 0, 16], "texture": "#particle"},
				"down": {"uv": [16, 0, 0, 16], "texture": "#particle"}
			}
		},
		{
			"from": [7.27929, 7.47071, 16.9],
			"to": [7.67929, 7.57071, 17.2],
			"rotation": {"angle": 0, "axis": "y", "origin": [7.47929, 8.37071, 16.9]},
			"faces": {
				"north": {"uv": [16, 0, 0, 16], "texture": "#particle"},
				"east": {"uv": [16, 0, 0, 16], "texture": "#particle"},
				"south": {"uv": [16, 0, 0, 16], "texture": "#particle"},
				"west": {"uv": [16, 0, 0, 16], "texture": "#particle"},
				"up": {"uv": [16, 0, 0, 16], "texture": "#particle"},
				"down": {"uv": [16, 0, 0, 16], "texture": "#particle"}
			}
		},
		{
			"from": [7.27929, 6.67071, 16.9],
			"to": [7.67929, 6.77071, 17.2],
			"rotation": {"angle": 0, "axis": "y", "origin": [7.47929, 7.57071, 16.9]},
			"faces": {
				"north": {"uv": [16, 0, 0, 16], "texture": "#particle"},
				"east": {"uv": [16, 0, 0, 16], "texture": "#particle"},
				"south": {"uv": [16, 0, 0, 16], "texture": "#particle"},
				"west": {"uv": [16, 0, 0, 16], "texture": "#particle"},
				"up": {"uv": [16, 0, 0, 16], "texture": "#particle"},
				"down": {"uv": [16, 0, 0, 16], "texture": "#particle"}
			}
		},
		{
			"from": [7.17929, 6.67071, 17.2],
			"to": [7.77929, 7.37071, 17.5],
			"rotation": {"angle": 0, "axis": "y", "origin": [7.47929, 7.57071, 17.2]},
			"faces": {
				"north": {"uv": [16, 0, 0, 16], "texture": "#particle"},
				"east": {"uv": [16, 0, 0, 16], "texture": "#particle"},
				"south": {"uv": [16, 0, 0, 16], "texture": "#particle"},
				"west": {"uv": [16, 0, 0, 16], "texture": "#particle"},
				"up": {"uv": [16, 0, 0, 16], "texture": "#particle"},
				"down": {"uv": [16, 0, 0, 16], "texture": "#particle"}
			}
		},
		{
			"from": [7.27929, 7.37071, 17.2],
			"to": [7.67929, 7.47071, 17.5],
			"rotation": {"angle": 0, "axis": "y", "origin": [7.47929, 8.27071, 17.2]},
			"faces": {
				"north": {"uv": [16, 0, 0, 16], "texture": "#particle"},
				"east": {"uv": [16, 0, 0, 16], "texture": "#particle"},
				"south": {"uv": [16, 0, 0, 16], "texture": "#particle"},
				"west": {"uv": [16, 0, 0, 16], "texture": "#particle"},
				"up": {"uv": [16, 0, 0, 16], "texture": "#particle"},
				"down": {"uv": [16, 0, 0, 16], "texture": "#particle"}
			}
		},
		{
			"from": [7.27929, 6.57071, 17.2],
			"to": [7.67929, 6.67071, 17.5],
			"rotation": {"angle": 0, "axis": "y", "origin": [7.47929, 7.47071, 17.2]},
			"faces": {
				"north": {"uv": [16, 0, 0, 16], "texture": "#particle"},
				"east": {"uv": [16, 0, 0, 16], "texture": "#particle"},
				"south": {"uv": [16, 0, 0, 16], "texture": "#particle"},
				"west": {"uv": [16, 0, 0, 16], "texture": "#particle"},
				"up": {"uv": [16, 0, 0, 16], "texture": "#particle"},
				"down": {"uv": [16, 0, 0, 16], "texture": "#particle"}
			}
		},
		{
			"from": [7.17929, 6.57071, 17.5],
			"to": [7.77929, 7.27071, 17.8],
			"rotation": {"angle": 0, "axis": "y", "origin": [7.47929, 7.47071, 17.5]},
			"faces": {
				"north": {"uv": [16, 0, 0, 16], "texture": "#particle"},
				"east": {"uv": [16, 0, 0, 16], "texture": "#particle"},
				"south": {"uv": [16, 0, 0, 16], "texture": "#particle"},
				"west": {"uv": [16, 0, 0, 16], "texture": "#particle"},
				"up": {"uv": [16, 0, 0, 16], "texture": "#particle"},
				"down": {"uv": [16, 0, 0, 16], "texture": "#particle"}
			}
		},
		{
			"from": [7.27929, 7.27071, 17.5],
			"to": [7.67929, 7.37071, 17.8],
			"rotation": {"angle": 0, "axis": "y", "origin": [7.47929, 8.17071, 17.5]},
			"faces": {
				"north": {"uv": [16, 0, 0, 16], "texture": "#particle"},
				"east": {"uv": [16, 0, 0, 16], "texture": "#particle"},
				"south": {"uv": [16, 0, 0, 16], "texture": "#particle"},
				"west": {"uv": [16, 0, 0, 16], "texture": "#particle"},
				"up": {"uv": [16, 0, 0, 16], "texture": "#particle"},
				"down": {"uv": [16, 0, 0, 16], "texture": "#particle"}
			}
		},
		{
			"from": [7.27929, 6.47071, 17.5],
			"to": [7.67929, 6.57071, 17.8],
			"rotation": {"angle": 0, "axis": "y", "origin": [7.47929, 7.37071, 17.5]},
			"faces": {
				"north": {"uv": [16, 0, 0, 16], "texture": "#particle"},
				"east": {"uv": [16, 0, 0, 16], "texture": "#particle"},
				"south": {"uv": [16, 0, 0, 16], "texture": "#particle"},
				"west": {"uv": [16, 0, 0, 16], "texture": "#particle"},
				"up": {"uv": [16, 0, 0, 16], "texture": "#particle"},
				"down": {"uv": [16, 0, 0, 16], "texture": "#particle"}
			}
		},
		{
			"from": [7.17929, 6.27071, 17.8],
			"to": [7.77929, 7.17071, 18.1],
			"rotation": {"angle": 0, "axis": "y", "origin": [7.47929, 7.27071, 17.8]},
			"faces": {
				"north": {"uv": [16, 0, 0, 16], "texture": "#particle"},
				"east": {"uv": [16, 0, 0, 16], "texture": "#particle"},
				"south": {"uv": [16, 0, 0, 16], "texture": "#particle"},
				"west": {"uv": [16, 0, 0, 16], "texture": "#particle"},
				"up": {"uv": [16, 0, 0, 16], "texture": "#particle"},
				"down": {"uv": [16, 0, 0, 16], "texture": "#particle"}
			}
		},
		{
			"from": [7.17929, 6.07071, 17.9],
			"to": [7.77929, 6.27071, 18.2],
			"rotation": {"angle": 0, "axis": "y", "origin": [7.47929, 7.07071, 17.8]},
			"faces": {
				"north": {"uv": [16, 0, 0, 16], "texture": "#particle"},
				"east": {"uv": [16, 0, 0, 16], "texture": "#particle"},
				"south": {"uv": [16, 0, 0, 16], "texture": "#particle"},
				"west": {"uv": [16, 0, 0, 16], "texture": "#particle"},
				"up": {"uv": [16, 0, 0, 16], "texture": "#particle"},
				"down": {"uv": [16, 0, 0, 16], "texture": "#particle"}
			}
		},
		{
			"from": [7.27929, 6.07071, 17.7],
			"to": [7.67929, 6.27071, 17.9],
			"rotation": {"angle": 0, "axis": "y", "origin": [7.47929, 7.07071, 17.5]},
			"faces": {
				"north": {"uv": [16, 0, 0, 16], "texture": "#particle"},
				"east": {"uv": [16, 0, 0, 16], "texture": "#particle"},
				"south": {"uv": [16, 0, 0, 16], "texture": "#particle"},
				"west": {"uv": [16, 0, 0, 16], "texture": "#particle"},
				"up": {"uv": [16, 0, 0, 16], "texture": "#particle"},
				"down": {"uv": [16, 0, 0, 16], "texture": "#particle"}
			}
		},
		{
			"from": [7.27929, 5.97071, 17.8],
			"to": [7.67929, 6.07071, 18.4],
			"rotation": {"angle": 0, "axis": "y", "origin": [7.47929, 6.87071, 17.6]},
			"faces": {
				"north": {"uv": [16, 0, 0, 16], "texture": "#particle"},
				"east": {"uv": [16, 0, 0, 16], "texture": "#particle"},
				"south": {"uv": [16, 0, 0, 16], "texture": "#particle"},
				"west": {"uv": [16, 0, 0, 16], "texture": "#particle"},
				"up": {"uv": [16, 0, 0, 16], "texture": "#particle"},
				"down": {"uv": [16, 0, 0, 16], "texture": "#particle"}
			}
		},
		{
			"from": [7.27929, 6.07071, 18.2],
			"to": [7.67929, 6.27071, 19.5],
			"rotation": {"angle": 0, "axis": "y", "origin": [7.47929, 6.97071, 18]},
			"faces": {
				"north": {"uv": [16, 0, 0, 16], "texture": "#particle"},
				"east": {"uv": [16, 0, 0, 16], "texture": "#particle"},
				"south": {"uv": [16, 0, 0, 16], "texture": "#particle"},
				"west": {"uv": [16, 0, 0, 16], "texture": "#particle"},
				"up": {"uv": [16, 0, 0, 16], "texture": "#particle"},
				"down": {"uv": [16, 0, 0, 16], "texture": "#particle"}
			}
		},
		{
			"from": [7.27929, 5.87071, 19],
			"to": [7.67929, 6.07071, 19.5],
			"rotation": {"angle": 0, "axis": "y", "origin": [7.47929, 6.77071, 18]},
			"faces": {
				"north": {"uv": [16, 0, 0, 16], "texture": "#particle"},
				"east": {"uv": [16, 0, 0, 16], "texture": "#particle"},
				"south": {"uv": [16, 0, 0, 16], "texture": "#particle"},
				"west": {"uv": [16, 0, 0, 16], "texture": "#particle"},
				"up": {"uv": [16, 0, 0, 16], "texture": "#particle"},
				"down": {"uv": [16, 0, 0, 16], "texture": "#particle"}
			}
		},
		{
			"from": [7.27929, 5.77071, 19.5],
			"to": [7.67929, 5.97071, 20.4],
			"rotation": {"angle": 0, "axis": "y", "origin": [7.47929, 6.67071, 18.9]},
			"faces": {
				"north": {"uv": [16, 0, 0, 16], "texture": "#particle"},
				"east": {"uv": [16, 0, 0, 16], "texture": "#particle"},
				"south": {"uv": [16, 0, 0, 16], "texture": "#particle"},
				"west": {"uv": [16, 0, 0, 16], "texture": "#particle"},
				"up": {"uv": [16, 0, 0, 16], "texture": "#particle"},
				"down": {"uv": [16, 0, 0, 16], "texture": "#particle"}
			}
		},
		{
			"from": [7.27929, 5.57071, 20],
			"to": [7.67929, 5.77071, 20.4],
			"rotation": {"angle": 0, "axis": "y", "origin": [7.47929, 6.47071, 18.9]},
			"faces": {
				"north": {"uv": [16, 0, 0, 16], "texture": "#particle"},
				"east": {"uv": [16, 0, 0, 16], "texture": "#particle"},
				"south": {"uv": [16, 0, 0, 16], "texture": "#particle"},
				"west": {"uv": [16, 0, 0, 16], "texture": "#particle"},
				"up": {"uv": [16, 0, 0, 16], "texture": "#particle"},
				"down": {"uv": [16, 0, 0, 16], "texture": "#particle"}
			}
		},
		{
			"from": [7.27929, 5.47071, 20.4],
			"to": [7.67929, 5.67071, 20.9],
			"rotation": {"angle": 0, "axis": "y", "origin": [7.47929, 6.37071, 19.4]},
			"faces": {
				"north": {"uv": [16, 0, 0, 16], "texture": "#particle"},
				"east": {"uv": [16, 0, 0, 16], "texture": "#particle"},
				"south": {"uv": [16, 0, 0, 16], "texture": "#particle"},
				"west": {"uv": [16, 0, 0, 16], "texture": "#particle"},
				"up": {"uv": [16, 0, 0, 16], "texture": "#particle"},
				"down": {"uv": [16, 0, 0, 16], "texture": "#particle"}
			}
		},
		{
			"from": [7.27929, 5.37071, 20.9],
			"to": [7.67929, 5.57071, 21.4],
			"rotation": {"angle": 0, "axis": "y", "origin": [7.47929, 6.27071, 19.9]},
			"faces": {
				"north": {"uv": [16, 0, 0, 16], "texture": "#particle"},
				"east": {"uv": [16, 0, 0, 16], "texture": "#particle"},
				"south": {"uv": [16, 0, 0, 16], "texture": "#particle"},
				"west": {"uv": [16, 0, 0, 16], "texture": "#particle"},
				"up": {"uv": [16, 0, 0, 16], "texture": "#particle"},
				"down": {"uv": [16, 0, 0, 16], "texture": "#particle"}
			}
		},
		{
			"from": [7.27929, 5.17071, 21.3],
			"to": [7.67929, 5.37071, 21.9],
			"rotation": {"angle": 0, "axis": "y", "origin": [7.47929, 6.07071, 20.4]},
			"faces": {
				"north": {"uv": [16, 0, 0, 16], "texture": "#particle"},
				"east": {"uv": [16, 0, 0, 16], "texture": "#particle"},
				"south": {"uv": [16, 0, 0, 16], "texture": "#particle"},
				"west": {"uv": [16, 0, 0, 16], "texture": "#particle"},
				"up": {"uv": [16, 0, 0, 16], "texture": "#particle"},
				"down": {"uv": [16, 0, 0, 16], "texture": "#particle"}
			}
		},
		{
			"from": [7.27929, 4.97071, 21.6],
			"to": [7.67929, 5.17071, 22.8],
			"rotation": {"angle": 0, "axis": "y", "origin": [7.47929, 5.87071, 21.3]},
			"faces": {
				"north": {"uv": [16, 0, 0, 16], "texture": "#particle"},
				"east": {"uv": [16, 0, 0, 16], "texture": "#particle"},
				"south": {"uv": [16, 0, 0, 16], "texture": "#particle"},
				"west": {"uv": [16, 0, 0, 16], "texture": "#particle"},
				"up": {"uv": [16, 0, 0, 16], "texture": "#particle"},
				"down": {"uv": [16, 0, 0, 16], "texture": "#particle"}
			}
		},
		{
			"from": [7.27929, 4.87071, 22.1],
			"to": [7.67929, 4.97071, 22.8],
			"rotation": {"angle": 0, "axis": "y", "origin": [7.47929, 5.67071, 21.3]},
			"faces": {
				"north": {"uv": [16, 0, 0, 16], "texture": "#particle"},
				"east": {"uv": [16, 0, 0, 16], "texture": "#particle"},
				"south": {"uv": [16, 0, 0, 16], "texture": "#particle"},
				"west": {"uv": [16, 0, 0, 16], "texture": "#particle"},
				"up": {"uv": [16, 0, 0, 16], "texture": "#particle"},
				"down": {"uv": [16, 0, 0, 16], "texture": "#particle"}
			}
		},
		{
			"from": [7.27929, 4.77071, 22.5],
			"to": [7.67929, 4.87071, 23.3],
			"rotation": {"angle": 0, "axis": "y", "origin": [7.47929, 5.57071, 21.8]},
			"faces": {
				"north": {"uv": [16, 0, 0, 16], "texture": "#particle"},
				"east": {"uv": [16, 0, 0, 16], "texture": "#particle"},
				"south": {"uv": [16, 0, 0, 16], "texture": "#particle"},
				"west": {"uv": [16, 0, 0, 16], "texture": "#particle"},
				"up": {"uv": [16, 0, 0, 16], "texture": "#particle"},
				"down": {"uv": [16, 0, 0, 16], "texture": "#particle"}
			}
		},
		{
			"from": [7.27929, 4.57071, 22.9],
			"to": [7.67929, 4.77071, 23.5],
			"rotation": {"angle": 0, "axis": "y", "origin": [7.47929, 5.47071, 22]},
			"faces": {
				"north": {"uv": [16, 0, 0, 16], "texture": "#particle"},
				"east": {"uv": [16, 0, 0, 16], "texture": "#particle"},
				"south": {"uv": [16, 0, 0, 16], "texture": "#particle"},
				"west": {"uv": [16, 0, 0, 16], "texture": "#particle"},
				"up": {"uv": [16, 0, 0, 16], "texture": "#particle"},
				"down": {"uv": [16, 0, 0, 16], "texture": "#particle"}
			}
		},
		{
			"from": [7.27929, 4.47071, 23.5],
			"to": [7.67929, 4.67071, 23.7],
			"rotation": {"angle": 0, "axis": "y", "origin": [7.47929, 5.37071, 22.2]},
			"faces": {
				"north": {"uv": [16, 0, 0, 16], "texture": "#3"},
				"east": {"uv": [16, 0, 0, 16], "texture": "#3"},
				"south": {"uv": [16, 0, 0, 16], "texture": "#3"},
				"west": {"uv": [16, 0, 0, 16], "texture": "#3"},
				"up": {"uv": [16, 0, 0, 16], "texture": "#3"},
				"down": {"uv": [16, 0, 0, 16], "texture": "#3"}
			}
		},
		{
			"from": [7.27929, 7.17071, 19.7],
			"to": [7.67929, 7.37071, 21.9],
			"rotation": {"angle": 0, "axis": "y", "origin": [7.47929, 8.07071, 20.4]},
			"faces": {
				"north": {"uv": [16, 0, 0, 16], "texture": "#particle"},
				"east": {"uv": [16, 0, 0, 16], "texture": "#particle"},
				"south": {"uv": [16, 0, 0, 16], "texture": "#particle"},
				"west": {"uv": [16, 0, 0, 16], "texture": "#particle"},
				"up": {"uv": [16, 0, 0, 16], "texture": "#particle"},
				"down": {"uv": [16, 0, 0, 16], "texture": "#particle"}
			}
		},
		{
			"from": [7.27929, 7.37071, 18.5],
			"to": [7.67929, 7.57071, 19.9],
			"rotation": {"angle": 0, "axis": "y", "origin": [7.47929, 8.27071, 19.1]},
			"faces": {
				"north": {"uv": [16, 0, 0, 16], "texture": "#particle"},
				"east": {"uv": [16, 0, 0, 16], "texture": "#particle"},
				"south": {"uv": [16, 0, 0, 16], "texture": "#particle"},
				"west": {"uv": [16, 0, 0, 16], "texture": "#particle"},
				"up": {"uv": [16, 0, 0, 16], "texture": "#particle"},
				"down": {"uv": [16, 0, 0, 16], "texture": "#particle"}
			}
		},
		{
			"from": [7.27929, 7.17071, 18.3],
			"to": [7.67929, 7.47071, 18.5],
			"rotation": {"angle": 0, "axis": "y", "origin": [7.47929, 8.27071, 17.7]},
			"faces": {
				"north": {"uv": [16, 0, 0, 16], "texture": "#particle"},
				"east": {"uv": [16, 0, 0, 16], "texture": "#particle"},
				"south": {"uv": [16, 0, 0, 16], "texture": "#particle"},
				"west": {"uv": [16, 0, 0, 16], "texture": "#particle"},
				"up": {"uv": [16, 0, 0, 16], "texture": "#particle"},
				"down": {"uv": [16, 0, 0, 16], "texture": "#particle"}
			}
		},
		{
			"from": [7.27929, 7.17071, 17.8],
			"to": [7.67929, 7.27071, 18.3],
			"rotation": {"angle": 0, "axis": "y", "origin": [7.47929, 8.27071, 17.2]},
			"faces": {
				"north": {"uv": [16, 0, 0, 16], "texture": "#particle"},
				"east": {"uv": [16, 0, 0, 16], "texture": "#particle"},
				"south": {"uv": [16, 0, 0, 16], "texture": "#particle"},
				"west": {"uv": [16, 0, 0, 16], "texture": "#particle"},
				"up": {"uv": [16, 0, 0, 16], "texture": "#particle"},
				"down": {"uv": [16, 0, 0, 16], "texture": "#particle"}
			}
		},
		{
			"from": [7.27929, 7.07071, 21.9],
			"to": [7.67929, 7.27071, 22.5],
			"rotation": {"angle": 0, "axis": "y", "origin": [7.47929, 7.97071, 21]},
			"faces": {
				"north": {"uv": [16, 0, 0, 16], "texture": "#particle"},
				"east": {"uv": [16, 0, 0, 16], "texture": "#particle"},
				"south": {"uv": [16, 0, 0, 16], "texture": "#particle"},
				"west": {"uv": [16, 0, 0, 16], "texture": "#particle"},
				"up": {"uv": [16, 0, 0, 16], "texture": "#particle"},
				"down": {"uv": [16, 0, 0, 16], "texture": "#particle"}
			}
		},
		{
			"from": [7.27929, 7.07071, 22.5],
			"to": [7.67929, 7.17071, 23.3],
			"rotation": {"angle": 0, "axis": "y", "origin": [7.47929, 7.97071, 21.6]},
			"faces": {
				"north": {"uv": [16, 0, 0, 16], "texture": "#particle"},
				"east": {"uv": [16, 0, 0, 16], "texture": "#particle"},
				"south": {"uv": [16, 0, 0, 16], "texture": "#particle"},
				"west": {"uv": [16, 0, 0, 16], "texture": "#particle"},
				"up": {"uv": [16, 0, 0, 16], "texture": "#particle"},
				"down": {"uv": [16, 0, 0, 16], "texture": "#particle"}
			}
		},
		{
			"from": [7.27929, 6.97071, 23.3],
			"to": [7.67929, 7.17071, 23.5],
			"rotation": {"angle": 0, "axis": "y", "origin": [7.47929, 7.97071, 21.8]},
			"faces": {
				"north": {"uv": [16, 0, 0, 16], "texture": "#particle"},
				"east": {"uv": [16, 0, 0, 16], "texture": "#particle"},
				"south": {"uv": [16, 0, 0, 16], "texture": "#particle"},
				"west": {"uv": [16, 0, 0, 16], "texture": "#particle"},
				"up": {"uv": [16, 0, 0, 16], "texture": "#particle"},
				"down": {"uv": [16, 0, 0, 16], "texture": "#particle"}
			}
		},
		{
			"from": [7.27929, 6.97071, 23.5],
			"to": [7.67929, 7.17071, 23.7],
			"rotation": {"angle": 0, "axis": "y", "origin": [7.47929, 7.97071, 22]},
			"faces": {
				"north": {"uv": [16, 0, 0, 16], "texture": "#3"},
				"east": {"uv": [16, 0, 0, 16], "texture": "#3"},
				"south": {"uv": [16, 0, 0, 16], "texture": "#3"},
				"west": {"uv": [16, 0, 0, 16], "texture": "#3"},
				"up": {"uv": [16, 0, 0, 16], "texture": "#3"},
				"down": {"uv": [16, 0, 0, 16], "texture": "#3"}
			}
		},
		{
			"from": [7.27929, 6.27071, 17.6],
			"to": [7.67929, 6.47071, 17.8],
			"rotation": {"angle": 0, "axis": "y", "origin": [7.47929, 7.27071, 17.4]},
			"faces": {
				"north": {"uv": [16, 0, 0, 16], "texture": "#particle"},
				"east": {"uv": [16, 0, 0, 16], "texture": "#particle"},
				"south": {"uv": [16, 0, 0, 16], "texture": "#particle"},
				"west": {"uv": [16, 0, 0, 16], "texture": "#particle"},
				"up": {"uv": [16, 0, 0, 16], "texture": "#particle"},
				"down": {"uv": [16, 0, 0, 16], "texture": "#particle"}
			}
		},
		{
			"from": [7.17929, 6.27071, 18.1],
			"to": [7.77929, 7.17071, 21.9],
			"rotation": {"angle": 0, "axis": "y", "origin": [7.47929, 7.27071, 18.1]},
			"faces": {
				"north": {"uv": [16, 0, 0, 16], "texture": "#particle"},
				"east": {"uv": [16, 0, 0, 16], "texture": "#particle"},
				"south": {"uv": [16, 0, 0, 16], "texture": "#particle"},
				"west": {"uv": [16, 0, 0, 16], "texture": "#particle"},
				"up": {"uv": [16, 0, 0, 16], "texture": "#particle"},
				"down": {"uv": [16, 0, 0, 16], "texture": "#particle"}
			}
		},
		{
			"from": [7.17929, 5.97071, 19.5],
			"to": [7.77929, 6.27071, 21.9],
			"rotation": {"angle": 0, "axis": "y", "origin": [7.47929, 6.37071, 18.1]},
			"faces": {
				"north": {"uv": [16, 0, 0, 16], "texture": "#particle"},
				"east": {"uv": [16, 0, 0, 16], "texture": "#particle"},
				"south": {"uv": [16, 0, 0, 16], "texture": "#particle"},
				"west": {"uv": [16, 0, 0, 16], "texture": "#particle"},
				"up": {"uv": [16, 0, 0, 16], "texture": "#particle"},
				"down": {"uv": [16, 0, 0, 16], "texture": "#particle"}
			}
		},
		{
			"from": [7.17929, 5.17071, 21.9],
			"to": [7.77929, 7.07071, 23.3],
			"rotation": {"angle": 0, "axis": "y", "origin": [7.47929, 7.17071, 19.5]},
			"faces": {
				"north": {"uv": [16, 0, 0, 16], "texture": "#particle"},
				"east": {"uv": [16, 0, 0, 16], "texture": "#particle"},
				"south": {"uv": [16, 0, 0, 16], "texture": "#particle"},
				"west": {"uv": [16, 0, 0, 16], "texture": "#particle"},
				"up": {"uv": [16, 0, 0, 16], "texture": "#particle"},
				"down": {"uv": [16, 0, 0, 16], "texture": "#particle"}
			}
		},
		{
			"from": [7.17929, 4.87071, 22.8],
			"to": [7.77929, 5.17071, 23.3],
			"rotation": {"angle": 0, "axis": "y", "origin": [7.47929, 5.27071, 19.5]},
			"faces": {
				"north": {"uv": [16, 0, 0, 16], "texture": "#particle"},
				"east": {"uv": [16, 0, 0, 16], "texture": "#particle"},
				"south": {"uv": [16, 0, 0, 16], "texture": "#particle"},
				"west": {"uv": [16, 0, 0, 16], "texture": "#particle"},
				"up": {"uv": [16, 0, 0, 16], "texture": "#particle"},
				"down": {"uv": [16, 0, 0, 16], "texture": "#particle"}
			}
		},
		{
			"from": [7.17929, 4.77071, 23.3],
			"to": [7.77929, 6.97071, 23.5],
			"rotation": {"angle": 0, "axis": "y", "origin": [7.47929, 5.27071, 20]},
			"faces": {
				"north": {"uv": [16, 0, 0, 16], "texture": "#particle"},
				"east": {"uv": [16, 0, 0, 16], "texture": "#particle"},
				"south": {"uv": [16, 0, 0, 16], "texture": "#particle"},
				"west": {"uv": [16, 0, 0, 16], "texture": "#particle"},
				"up": {"uv": [16, 0, 0, 16], "texture": "#particle"},
				"down": {"uv": [16, 0, 0, 16], "texture": "#particle"}
			}
		},
		{
			"from": [7.17929, 4.67071, 23.5],
			"to": [7.77929, 6.97071, 23.7],
			"rotation": {"angle": 0, "axis": "y", "origin": [7.47929, 5.27071, 20.2]},
			"faces": {
				"north": {"uv": [16, 0, 0, 16], "texture": "#3"},
				"east": {"uv": [16, 0, 0, 16], "texture": "#3"},
				"south": {"uv": [16, 0, 0, 16], "texture": "#3"},
				"west": {"uv": [16, 0, 0, 16], "texture": "#3"},
				"up": {"uv": [16, 0, 0, 16], "texture": "#3"},
				"down": {"uv": [16, 0, 0, 16], "texture": "#3"}
			}
		},
		{
			"from": [7.17929, 5.37071, 21.4],
			"to": [7.77929, 5.97071, 21.9],
			"rotation": {"angle": 0, "axis": "y", "origin": [7.47929, 6.07071, 18.1]},
			"faces": {
				"north": {"uv": [16, 0, 0, 16], "texture": "#particle"},
				"east": {"uv": [16, 0, 0, 16], "texture": "#particle"},
				"south": {"uv": [16, 0, 0, 16], "texture": "#particle"},
				"west": {"uv": [16, 0, 0, 16], "texture": "#particle"},
				"up": {"uv": [16, 0, 0, 16], "texture": "#particle"},
				"down": {"uv": [16, 0, 0, 16], "texture": "#particle"}
			}
		},
		{
			"from": [7.17929, 5.57071, 20.9],
			"to": [7.77929, 5.97071, 21.4],
			"rotation": {"angle": 0, "axis": "y", "origin": [7.47929, 6.07071, 17.6]},
			"faces": {
				"north": {"uv": [16, 0, 0, 16], "texture": "#particle"},
				"east": {"uv": [16, 0, 0, 16], "texture": "#particle"},
				"south": {"uv": [16, 0, 0, 16], "texture": "#particle"},
				"west": {"uv": [16, 0, 0, 16], "texture": "#particle"},
				"up": {"uv": [16, 0, 0, 16], "texture": "#particle"},
				"down": {"uv": [16, 0, 0, 16], "texture": "#particle"}
			}
		},
		{
			"from": [7.17929, 5.67071, 20.4],
			"to": [7.77929, 5.97071, 20.9],
			"rotation": {"angle": 0, "axis": "y", "origin": [7.47929, 6.07071, 17.1]},
			"faces": {
				"north": {"uv": [16, 0, 0, 16], "texture": "#particle"},
				"east": {"uv": [16, 0, 0, 16], "texture": "#particle"},
				"south": {"uv": [16, 0, 0, 16], "texture": "#particle"},
				"west": {"uv": [16, 0, 0, 16], "texture": "#particle"},
				"up": {"uv": [16, 0, 0, 16], "texture": "#particle"},
				"down": {"uv": [16, 0, 0, 16], "texture": "#particle"}
			}
		},
		{
			"from": [7.17929, 7.17071, 18.5],
			"to": [7.77929, 7.37071, 19.7],
			"rotation": {"angle": 0, "axis": "y", "origin": [7.47929, 8.17071, 18.1]},
			"faces": {
				"north": {"uv": [16, 0, 0, 16], "texture": "#particle"},
				"east": {"uv": [16, 0, 0, 16], "texture": "#particle"},
				"south": {"uv": [16, 0, 0, 16], "texture": "#particle"},
				"west": {"uv": [16, 0, 0, 16], "texture": "#particle"},
				"up": {"uv": [16, 0, 0, 16], "texture": "#particle"},
				"down": {"uv": [16, 0, 0, 16], "texture": "#particle"}
			}
		},
		{
			"from": [7.45, 7.4, 5.3],
			"to": [7.75, 7.7, 12.8],
			"rotation": {"angle": 45, "axis": "z", "origin": [7.55, 7.4, 6.35]},
			"faces": {
				"north": {"uv": [16, 0, 0, 16], "texture": "#3"},
				"east": {"uv": [16, 0, 0, 16], "texture": "#3"},
				"south": {"uv": [16, 0, 0, 16], "texture": "#3"},
				"west": {"uv": [16, 0, 0, 16], "texture": "#3"},
				"up": {"uv": [16, 0, 0, 16], "texture": "#3"},
				"down": {"uv": [16, 0, 0, 16], "texture": "#3"}
			}
		},
		{
			"from": [7.35, 7.3, 12.6],
			"to": [7.75, 7.7, 12.8],
			"rotation": {"angle": 45, "axis": "z", "origin": [7.55, 7.4, 6.35]},
			"faces": {
				"north": {"uv": [16, 0, 0, 16], "texture": "#3"},
				"east": {"uv": [16, 0, 0, 16], "texture": "#3"},
				"south": {"uv": [16, 0, 0, 16], "texture": "#3"},
				"west": {"uv": [16, 0, 0, 16], "texture": "#3"},
				"up": {"uv": [16, 0, 0, 16], "texture": "#3"},
				"down": {"uv": [16, 0, 0, 16], "texture": "#3"}
			}
		},
		{
			"from": [7.25, 7.2, 7],
			"to": [7.85, 7.8, 10.6],
			"rotation": {"angle": 45, "axis": "z", "origin": [7.55, 7.4, 6.35]},
			"faces": {
				"north": {"uv": [16, 0, 0, 16], "texture": "#particle"},
				"east": {"uv": [16, 0, 0, 16], "texture": "#particle"},
				"south": {"uv": [16, 0, 0, 16], "texture": "#particle"},
				"west": {"uv": [16, 0, 0, 16], "texture": "#particle"},
				"up": {"uv": [16, 0, 0, 16], "texture": "#particle"},
				"down": {"uv": [16, 0, 0, 16], "texture": "#particle"}
			}
		},
		{
			"from": [7.25, 6.7, 5.2],
			"to": [7.65, 7.3, 5.6],
			"rotation": {"angle": 0, "axis": "y", "origin": [7.45, 6.9, 1.35]},
			"faces": {
				"north": {"uv": [16, 0, 0, 16], "texture": "#particle"},
				"east": {"uv": [16, 0, 0, 16], "texture": "#particle"},
				"south": {"uv": [16, 0, 0, 16], "texture": "#particle"},
				"west": {"uv": [16, 0, 0, 16], "texture": "#particle"},
				"up": {"uv": [16, 0, 0, 16], "texture": "#particle"},
				"down": {"uv": [16, 0, 0, 16], "texture": "#particle"}
			}
		},
		{
			"from": [7.25, 6.7, 3.8],
			"to": [7.65, 7.3, 4.8],
			"rotation": {"angle": 0, "axis": "y", "origin": [7.45, 6.9, -0.05]},
			"faces": {
				"north": {"uv": [16, 0, 0, 16], "texture": "#particle"},
				"east": {"uv": [16, 0, 0, 16], "texture": "#particle"},
				"south": {"uv": [16, 0, 0, 16], "texture": "#particle"},
				"west": {"uv": [16, 0, 0, 16], "texture": "#particle"},
				"up": {"uv": [16, 0, 0, 16], "texture": "#particle"},
				"down": {"uv": [16, 0, 0, 16], "texture": "#particle"}
			}
		},
		{
			"from": [7.15, 6.9, 4.4],
			"to": [7.75, 7.1, 4.6],
			"rotation": {"angle": 0, "axis": "y", "origin": [7.45, 6.9, -0.05]},
			"faces": {
				"north": {"uv": [16, 0, 0, 16], "texture": "#1"},
				"east": {"uv": [16, 0, 0, 16], "texture": "#1"},
				"south": {"uv": [16, 0, 0, 16], "texture": "#1"},
				"west": {"uv": [16, 0, 0, 16], "texture": "#1"},
				"up": {"uv": [16, 0, 0, 16], "texture": "#1"},
				"down": {"uv": [16, 0, 0, 16], "texture": "#1"}
			}
		},
		{
			"from": [7.15, 6.9, 3.4],
			"to": [7.75, 7.1, 3.6],
			"rotation": {"angle": 0, "axis": "y", "origin": [7.45, 6.9, -1.05]},
			"faces": {
				"north": {"uv": [16, 0, 0, 16], "texture": "#1"},
				"east": {"uv": [16, 0, 0, 16], "texture": "#1"},
				"south": {"uv": [16, 0, 0, 16], "texture": "#1"},
				"west": {"uv": [16, 0, 0, 16], "texture": "#1"},
				"up": {"uv": [16, 0, 0, 16], "texture": "#1"},
				"down": {"uv": [16, 0, 0, 16], "texture": "#1"}
			}
		},
		{
			"from": [7.35, 6.8, 4.8],
			"to": [7.55, 7.3, 5.2],
			"rotation": {"angle": 0, "axis": "y", "origin": [7.45, 6.9, 0.35]},
			"faces": {
				"north": {"uv": [16, 0, 0, 16], "texture": "#particle"},
				"east": {"uv": [16, 0, 0, 16], "texture": "#particle"},
				"south": {"uv": [16, 0, 0, 16], "texture": "#particle"},
				"west": {"uv": [16, 0, 0, 16], "texture": "#particle"},
				"up": {"uv": [16, 0, 0, 16], "texture": "#particle"},
				"down": {"uv": [16, 0, 0, 16], "texture": "#particle"}
			}
		},
		{
			"from": [7.25, 6.7, 3.2],
			"to": [7.65, 7.3, 3.5],
			"rotation": {"angle": 0, "axis": "y", "origin": [7.45, 6.9, 0.75]},
			"faces": {
				"north": {"uv": [16, 0, 0, 16], "texture": "#particle"},
				"east": {"uv": [16, 0, 0, 16], "texture": "#particle"},
				"south": {"uv": [16, 0, 0, 16], "texture": "#particle"},
				"west": {"uv": [16, 0, 0, 16], "texture": "#particle"},
				"up": {"uv": [16, 0, 0, 16], "texture": "#particle"},
				"down": {"uv": [16, 0, 0, 16], "texture": "#particle"}
			}
		},
		{
			"from": [7.15, 6.5, 3.1],
			"to": [7.75, 7.4, 3.2],
			"rotation": {"angle": 0, "axis": "y", "origin": [7.45, 6.9, 0.45]},
			"faces": {
				"north": {"uv": [16, 0, 0, 16], "texture": "#3"},
				"east": {"uv": [16, 0, 0, 16], "texture": "#3"},
				"south": {"uv": [16, 0, 0, 16], "texture": "#3"},
				"west": {"uv": [16, 0, 0, 16], "texture": "#3"},
				"up": {"uv": [16, 0, 0, 16], "texture": "#3"},
				"down": {"uv": [16, 0, 0, 16], "texture": "#3"}
			}
		},
		{
			"from": [7.35, 6.8, -2.2],
			"to": [7.55, 7.3, 3.1],
			"rotation": {"angle": 0, "axis": "y", "origin": [7.45, 6.9, 0.35]},
			"faces": {
				"north": {"uv": [16, 0, 0, 16], "texture": "#1"},
				"east": {"uv": [16, 0, 0, 16], "texture": "#1"},
				"south": {"uv": [16, 0, 0, 16], "texture": "#1"},
				"west": {"uv": [16, 0, 0, 16], "texture": "#1"},
				"up": {"uv": [16, 0, 0, 16], "texture": "#1"},
				"down": {"uv": [16, 0, 0, 16], "texture": "#1"}
			}
		},
		{
			"from": [7.35, 6.9, -3.8],
			"to": [7.55, 7.3, -2.2],
			"rotation": {"angle": 0, "axis": "y", "origin": [7.45, 6.9, -2.85]},
			"faces": {
				"north": {"uv": [16, 0, 0, 16], "texture": "#1"},
				"east": {"uv": [16, 0, 0, 16], "texture": "#1"},
				"south": {"uv": [16, 0, 0, 16], "texture": "#1"},
				"west": {"uv": [16, 0, 0, 16], "texture": "#1"},
				"up": {"uv": [16, 0, 0, 16], "texture": "#1"},
				"down": {"uv": [16, 0, 0, 16], "texture": "#1"}
			}
		},
		{
			"from": [7.35, 7, -4.6],
			"to": [7.55, 7.4, -3.8],
			"rotation": {"angle": 0, "axis": "y", "origin": [7.45, 7, -4.45]},
			"faces": {
				"north": {"uv": [16, 0, 0, 16], "texture": "#1"},
				"east": {"uv": [16, 0, 0, 16], "texture": "#1"},
				"south": {"uv": [16, 0, 0, 16], "texture": "#1"},
				"west": {"uv": [16, 0, 0, 16], "texture": "#1"},
				"up": {"uv": [16, 0, 0, 16], "texture": "#1"},
				"down": {"uv": [16, 0, 0, 16], "texture": "#1"}
			}
		},
		{
			"from": [7.35, 7.2, -5.1],
			"to": [7.55, 7.4, -4.6],
			"rotation": {"angle": 0, "axis": "y", "origin": [7.45, 7, -5.25]},
			"faces": {
				"north": {"uv": [16, 0, 0, 16], "texture": "#1"},
				"east": {"uv": [16, 0, 0, 16], "texture": "#1"},
				"south": {"uv": [16, 0, 0, 16], "texture": "#1"},
				"west": {"uv": [16, 0, 0, 16], "texture": "#1"},
				"up": {"uv": [16, 0, 0, 16], "texture": "#1"},
				"down": {"uv": [16, 0, 0, 16], "texture": "#1"}
			}
		},
		{
			"from": [7.35, 7.3, -5.4],
			"to": [7.55, 7.4, -5.1],
			"rotation": {"angle": 0, "axis": "y", "origin": [7.45, 7, -5.75]},
			"faces": {
				"north": {"uv": [16, 0, 0, 16], "texture": "#1"},
				"east": {"uv": [16, 0, 0, 16], "texture": "#1"},
				"south": {"uv": [16, 0, 0, 16], "texture": "#1"},
				"west": {"uv": [16, 0, 0, 16], "texture": "#1"},
				"up": {"uv": [16, 0, 0, 16], "texture": "#1"},
				"down": {"uv": [16, 0, 0, 16], "texture": "#1"}
			}
		},
		{
			"from": [7.25, 7.7, 3.1],
			"to": [7.65, 7.9, 3.2],
			"rotation": {"angle": 0, "axis": "y", "origin": [7.45, 7.8, 0.45]},
			"faces": {
				"north": {"uv": [16, 0, 0, 16], "texture": "#3"},
				"east": {"uv": [16, 0, 0, 16], "texture": "#3"},
				"south": {"uv": [16, 0, 0, 16], "texture": "#3"},
				"west": {"uv": [16, 0, 0, 16], "texture": "#3"},
				"up": {"uv": [16, 0, 0, 16], "texture": "#3"},
				"down": {"uv": [16, 0, 0, 16], "texture": "#3"}
			}
		},
		{
			"from": [7.15, 7.4, 3.1],
			"to": [7.35, 7.7, 3.2],
			"rotation": {"angle": 0, "axis": "y", "origin": [7.45, 7.5, 0.45]},
			"faces": {
				"north": {"uv": [16, 0, 0, 16], "texture": "#3"},
				"east": {"uv": [16, 0, 0, 16], "texture": "#3"},
				"south": {"uv": [16, 0, 0, 16], "texture": "#3"},
				"west": {"uv": [16, 0, 0, 16], "texture": "#3"},
				"up": {"uv": [16, 0, 0, 16], "texture": "#3"},
				"down": {"uv": [16, 0, 0, 16], "texture": "#3"}
			}
		},
		{
			"from": [7.55, 7.4, 3.1],
			"to": [7.75, 7.7, 3.2],
			"rotation": {"angle": 0, "axis": "y", "origin": [7.85, 7.5, 0.45]},
			"faces": {
				"north": {"uv": [16, 0, 0, 16], "texture": "#3"},
				"east": {"uv": [16, 0, 0, 16], "texture": "#3"},
				"south": {"uv": [16, 0, 0, 16], "texture": "#3"},
				"west": {"uv": [16, 0, 0, 16], "texture": "#3"},
				"up": {"uv": [16, 0, 0, 16], "texture": "#3"},
				"down": {"uv": [16, 0, 0, 16], "texture": "#3"}
			}
		},
		{
			"from": [7.25, 6.8, 3.5],
			"to": [7.65, 7.3, 3.8],
			"rotation": {"angle": 0, "axis": "y", "origin": [7.45, 6.9, 1.05]},
			"faces": {
				"north": {"uv": [16, 0, 0, 16], "texture": "#particle"},
				"east": {"uv": [16, 0, 0, 16], "texture": "#particle"},
				"south": {"uv": [16, 0, 0, 16], "texture": "#particle"},
				"west": {"uv": [16, 0, 0, 16], "texture": "#particle"},
				"up": {"uv": [16, 0, 0, 16], "texture": "#particle"},
				"down": {"uv": [16, 0, 0, 16], "texture": "#particle"}
			}
		},
		{
			"from": [7.22929, 7.74142, 3.2],
			"to": [7.72929, 7.99142, 5.2],
			"rotation": {"angle": 0, "axis": "y", "origin": [7.47929, 8.04142, 7.75]},
			"faces": {
				"north": {"uv": [16, 0, 0, 16], "texture": "#2"},
				"east": {"uv": [16, 0, 0, 16], "texture": "#2"},
				"south": {"uv": [16, 0, 0, 16], "texture": "#2"},
				"west": {"uv": [16, 0, 0, 16], "texture": "#2"},
				"up": {"uv": [16, 0, 0, 16], "texture": "#2"},
				"down": {"uv": [16, 0, 0, 16], "texture": "#2"}
			}
		},
		{
			"from": [7.32929, 7.29142, 4.8],
			"to": [7.62929, 7.74142, 5.3],
			"rotation": {"angle": 0, "axis": "y", "origin": [7.47929, 7.79142, 7.75]},
			"faces": {
				"north": {"uv": [16, 0, 0, 16], "texture": "#2"},
				"east": {"uv": [16, 0, 0, 16], "texture": "#2"},
				"south": {"uv": [16, 0, 0, 16], "texture": "#2"},
				"west": {"uv": [16, 0, 0, 16], "texture": "#2"},
				"up": {"uv": [16, 0, 0, 16], "texture": "#2"},
				"down": {"uv": [16, 0, 0, 16], "texture": "#2"}
			}
		},
		{
			"from": [7.32929, 7.49142, 3.2],
			"to": [7.62929, 7.74142, 3.6],
			"rotation": {"angle": 0, "axis": "y", "origin": [7.47929, 7.79142, 6.15]},
			"faces": {
				"north": {"uv": [16, 0, 0, 16], "texture": "#2"},
				"east": {"uv": [16, 0, 0, 16], "texture": "#2"},
				"south": {"uv": [16, 0, 0, 16], "texture": "#2"},
				"west": {"uv": [16, 0, 0, 16], "texture": "#2"},
				"up": {"uv": [16, 0, 0, 16], "texture": "#2"},
				"down": {"uv": [16, 0, 0, 16], "texture": "#2"}
			}
		},
		{
			"from": [7.32929, 7.39142, 2.8],
			"to": [7.62929, 7.69142, 3.2],
			"rotation": {"angle": -45, "axis": "z", "origin": [7.47929, 7.56642, 3]},
			"faces": {
				"north": {"uv": [16, 0, 0, 16], "texture": "#2"},
				"east": {"uv": [16, 0, 0, 16], "texture": "#2"},
				"south": {"uv": [16, 0, 0, 16], "texture": "#2"},
				"west": {"uv": [16, 0, 0, 16], "texture": "#2"},
				"up": {"uv": [16, 0, 0, 16], "texture": "#2"},
				"down": {"uv": [16, 0, 0, 16], "texture": "#2"}
			}
		},
		{
			"from": [7.22929, 6.94142, 4.9],
			"to": [7.72929, 7.29142, 5.3],
			"rotation": {"angle": 0, "axis": "y", "origin": [7.47929, 7.34142, 7.75]},
			"faces": {
				"north": {"uv": [16, 0, 0, 16], "texture": "#2"},
				"east": {"uv": [16, 0, 0, 16], "texture": "#2"},
				"south": {"uv": [16, 0, 0, 16], "texture": "#2"},
				"west": {"uv": [16, 0, 0, 16], "texture": "#2"},
				"up": {"uv": [16, 0, 0, 16], "texture": "#2"},
				"down": {"uv": [16, 0, 0, 16], "texture": "#2"}
			}
		},
		{
			"from": [7.27929, 7.84142, 3.15],
			"to": [7.72929, 8.29142, 5.20001],
			"rotation": {"angle": 45, "axis": "z", "origin": [7.47929, 8.04142, 4.2]},
			"faces": {
				"north": {"uv": [16, 0, 0, 16], "texture": "#2"},
				"east": {"uv": [16, 0, 0, 16], "texture": "#2"},
				"south": {"uv": [16, 0, 0, 16], "texture": "#2"},
				"west": {"uv": [16, 0, 0, 16], "texture": "#2"},
				"up": {"uv": [16, 0, 0, 16], "texture": "#2"},
				"down": {"uv": [16, 0, 0, 16], "texture": "#2"}
			}
		},
		{
			"from": [7.45429, 8.35178, 3.45],
			"to": [7.50429, 8.45178, 3.50001],
			"rotation": {"angle": 0, "axis": "y", "origin": [7.47929, 8.37678, 4.17501]},
			"faces": {
				"north": {"uv": [16, 0, 0, 16], "texture": "#8"},
				"east": {"uv": [16, 0, 0, 16], "texture": "#8"},
				"south": {"uv": [16, 0, 0, 16], "texture": "#8"},
				"west": {"uv": [16, 0, 0, 16], "texture": "#8"},
				"up": {"uv": [16, 0, 0, 16], "texture": "#8"},
				"down": {"uv": [16, 0, 0, 16], "texture": "#8"}
			}
		}
	],
	"display": {
		"thirdperson_righthand": {
			"rotation": [5, -17, 0],
			"translation": [0.75, 1.35, -7.25],
			"scale": [1.01, 1.01, 1.01]
		},
		"thirdperson_lefthand": {
			"rotation": [5, -17, 0],
			"translation": [0, 1.35, -7.5],
			"scale": [1.01, 1.01, 1.01]
		},
		"firstperson_righthand": {
			"rotation": [0, -10, 0],
			"translation": [1.65, 17.5, 1]
		},
		"firstperson_lefthand": {
			"rotation": [0, -9.9, 0],
			"translation": [0.65, 7.5, 1]
		},
		"ground": {
			"rotation": [0, 0, 90]
		},
		"gui": {
			"rotation": [90, 45, -90]
		},
		"fixed": {
			"rotation": [90, 90, -90],
			"translation": [-13.25, 0, -3.25],
			"scale": [2, 2, 2]
		}
	},
	"groups": [0, 1, 2, 3, 4, 5, 6, 7, 8, 9, 10, 11, 12, 13, 14, 15, 16, 17, 18, 19, 20, 21, 22, 23, 24, 25, 26, 27, 28, 29, 30, 31, 32, 33, 34, 35, 36, 37, 38, 39, 40, 41, 42, 43, 44, 45, 46, 47, 48, 49, 50, 51, 52, 53, 54, 55, 56, 57, 58, 59, 60, 61, 62, 63, 64, 65, 66, 67, 68, 69, 70, 71, 72, 73, 74, 75, 76, 77, 78, 79, 80, 81, 82, 83, 84, 85, 86, 87, 88, 89, 90, 91, 92, 93, 94, 95, 96, 97, 98, 99, 100, 101, 102, 103, 104, 105, 106, 107, 108, 109, 110, 111, 112, 113, 114, 115, 116, 117, 118, 119, 120, 121, 122, 123, 124, 125, 126, 127, 128, 129, 130, 131, 132, 133, 134, 135, 136, 137, 138, 139, 140, 141, 142,
		{
			"name": "steyr1895",
			"origin": [8, 8, 8],
			"children": []
		}
	]
}